지점명,일시,평균기온(℃),최고기온(℃),최고기온시각,최저기온(℃),최저기온시각일교차
수원,2019-01-01,-4.4,0.2,12:08,-9,7:03
수원,2019-01-02,-5.3,1.5,14:23,-10.7,5:59
수원,2019-01-03,-3.7,4.2,15:08,-10.1,7:38
수원,2019-01-04,-2.3,4.2,15:18,-8.7,7:12
수원,2019-01-05,-2.4,2.8,13:54,-6.4,23:56
수원,2019-01-06,-3.5,3.1,14:35,-7.8,4:22
수원,2019-01-07,-2.6,4.7,13:55,-8.5,7:39
수원,2019-01-08,-2.8,2.4,13:07,-7.3,7:38
수원,2019-01-09,-4.6,1.4,14:33,-10.6,7:20
수원,2019-01-10,-1.2,2,15:31,-4,6:32
수원,2019-01-11,2.2,7.3,14:08,-1.1,0:01
수원,2019-01-12,2.4,9.1,14:35,-2.8,23:54
수원,2019-01-13,0.2,8.1,14:36,-5.6,6:30
수원,2019-01-14,0,4.7,15:15,-4.5,6:33
수원,2019-01-15,-1.1,3.9,14:16,-6.7,23:36
수원,2019-01-16,-4.5,-0.4,15:36,-9.4,7:00
수원,2019-01-17,-0.4,5.7,13:55,-4.5,23:50
수원,2019-01-18,-0.4,7.4,14:29,-7.6,7:43
수원,2019-01-19,2.4,9.2,15:04,-2.4,4:21
수원,2019-01-20,-0.4,4,0:27,-5.1,23:52
수원,2019-01-21,-1.3,6.4,14:18,-8.1,4:22
수원,2019-01-22,0.4,7.8,13:56,-4.9,6:08
수원,2019-01-23,1.5,9.1,13:42,-4.2,5:16
수원,2019-01-24,-0.8,7.4,14:29,-6.4,7:27
수원,2019-01-25,-1.2,4.4,12:23,-6.3,7:50
수원,2019-01-26,-2.6,3.6,14:26,-6.1,7:52
수원,2019-01-27,-0.9,5.4,13:25,-8.8,6:54
수원,2019-01-28,1.7,5,14:02,-3.1,23:49
수원,2019-01-29,-0.7,7.4,15:22,-6.7,6:28
수원,2019-01-30,2,8.9,14:24,-4.1,6:44
수원,2019-01-31,-1.1,2.4,0:01,-5.5,23:48
수원,2019-02-01,-2.2,4.8,13:20,-8.6,6:02
수원,2019-02-02,1.5,7,15:46,-5.4,5:22
수원,2019-02-03,3.7,6.1,15:12,1.2,24:00:00
수원,2019-02-04,-0.3,4.6,13:39,-3.5,23:55
수원,2019-02-05,1.3,10.1,14:46,-5.4,5:03
수원,2019-02-06,4.8,11.6,14:57,-2.2,2:14
수원,2019-02-07,-0.9,6.1,0:01,-7.3,23:45
수원,2019-02-08,-5.1,0.4,13:56,-9.5,7:42
수원,2019-02-09,-4.2,-0.5,13:39,-7.5,7:25
수원,2019-02-10,-4.3,-0.4,15:10,-8.8,6:27
수원,2019-02-11,-2.5,3.1,15:13,-7.5,7:24
수원,2019-02-12,-0.1,5.3,13:34,-5.7,1:37
수원,2019-02-13,-1.4,3.8,14:24,-4.9,6:57
수원,2019-02-14,-0.2,6.7,15:04,-5.7,5:17
수원,2019-02-15,-0.6,1,15:08,-2.2,23:59
수원,2019-02-16,-1.7,2.2,14:45,-4.2,22:13
수원,2019-02-17,-1.9,4.9,13:11,-8.3,6:28
수원,2019-02-18,0.3,6.1,13:27,-6.2,5:42
수원,2019-02-19,1.1,4.1,14:50,-1.1,23:10
수원,2019-02-20,1.5,5.4,14:13,-1.9,24:00:00
수원,2019-02-21,0.9,8.9,15:31,-4.3,6:04
수원,2019-02-22,2.3,11.3,14:14,-3.5,6:35
수원,2019-02-23,4.9,14.8,15:24,-2,5:42
수원,2019-02-24,5,13.6,13:23,-2,7:04
수원,2019-02-25,3.8,11,13:54,-1.1,24:00:00
수원,2019-02-26,4.2,11.9,14:17,-3.5,5:46
수원,2019-02-27,6.7,12.8,12:48,2.4,6:40
수원,2019-02-28,5,14,13:45,-1.4,6:25
수원,2019-03-01,4.8,13.9,13:46,-1.5,4:18
수원,2019-03-02,6.1,14.6,14:03,-1.9,6:05
수원,2019-03-03,8.1,16.6,14:11,-1.2,6:50
수원,2019-03-04,7.7,15.9,14:00,3,7:26
수원,2019-03-05,7.3,13.8,14:50,1.8,5:18
수원,2019-03-06,7.2,12.4,15:29,3.2,23:57
수원,2019-03-07,5.7,13.8,14:05,-0.1,6:35
수원,2019-03-08,4.8,13.8,14:24,-1.3,4:56
수원,2019-03-09,6.5,15.9,15:48,-2.3,4:16
수원,2019-03-10,10.1,16.1,16:06,4.3,24:00:00
수원,2019-03-11,5.4,10.5,14:39,1.2,6:55
수원,2019-03-12,4.3,9.2,12:52,0.5,22:32
수원,2019-03-13,3.9,8.9,13:10,-0.9,5:20
수원,2019-03-14,4.7,11,13:08,-3.3,4:16
수원,2019-03-15,5.5,12.5,15:07,1.2,6:32
수원,2019-03-16,4.6,10.4,13:59,-0.2,5:58
수원,2019-03-17,5.4,12.8,14:31,-0.7,5:42
수원,2019-03-18,5.9,14.5,15:24,-1.6,6:01
수원,2019-03-19,9,18.2,15:16,0.5,6:33
수원,2019-03-20,10.1,16.1,12:30,4.6,5:12
수원,2019-03-21,7.3,12,13:05,2.2,23:55
수원,2019-03-22,4.4,10,14:53,-0.3,6:47
수원,2019-03-23,3.1,9.3,15:31,-2,5:54
수원,2019-03-24,3.8,10.6,13:43,-2.5,6:10
수원,2019-03-25,7,14,13:55,0.5,3:59
수원,2019-03-26,10.4,17.8,13:46,3.8,0:45
수원,2019-03-27,11.6,17.5,13:09,5.3,1:15
수원,2019-03-28,9.2,15.4,13:28,5.2,6:42
수원,2019-03-29,9.5,15.2,14:55,5.8,2:29
수원,2019-03-30,5.4,10,14:02,3,19:02
수원,2019-03-31,4.7,9,15:45,2.6,23:18
수원,2019-04-01,5.1,11.5,13:40,-1.9,6:03
수원,2019-04-02,6.2,13.2,14:23,-1.1,5:19
수원,2019-04-03,6.7,14.4,14:24,0.1,5:01
수원,2019-04-04,8.9,17.3,15:26,0.9,4:50
수원,2019-04-05,10.1,16.9,14:45,4.7,1:38
수원,2019-04-06,9.7,13.9,13:03,2.9,5:22
수원,2019-04-07,13,20.9,15:12,5.8,6:17
수원,2019-04-08,11.4,18.1,13:01,4.9,5:46
수원,2019-04-09,9.5,14.8,14:07,4.8,23:27
수원,2019-04-10,7.4,10.6,16:02,4.9,0:01
수원,2019-04-11,8.3,15.5,12:43,2.4,5:54
수원,2019-04-12,9.9,18.7,13:01,2.8,4:36
수원,2019-04-13,11,18.7,14:15,3.3,4:35
수원,2019-04-14,9.2,13.8,15:46,5.9,24:00:00
수원,2019-04-15,10.2,18.8,13:22,1.7,5:23
수원,2019-04-16,14.2,23.8,14:10,3.5,6:09
수원,2019-04-17,14.5,23.2,13:34,7,5:07
수원,2019-04-18,12.7,18.8,14:40,8.2,5:58
수원,2019-04-19,14.1,19.2,17:00,9.5,0:26
수원,2019-04-20,15,20.4,13:36,9.9,3:45
수원,2019-04-21,14.3,20.3,16:19,11.8,23:43
수원,2019-04-22,18.1,29.2,15:37,8.5,5:56
수원,2019-04-23,19.1,25.7,12:03,13,5:28
수원,2019-04-24,18.2,25.9,13:43,14.7,22:59
수원,2019-04-25,13.9,17.5,7:23,8.7,23:42
수원,2019-04-26,8.7,11.6,12:40,7.2,23:00
수원,2019-04-27,11.4,18.5,12:44,3.2,5:34
수원,2019-04-28,12.1,16.8,14:19,8.2,23:53
수원,2019-04-29,12,16.1,12:34,7.5,4:35
수원,2019-04-30,14.7,23.1,13:57,7.3,4:12
수원,2019-05-01,14.3,21.1,13:34,9.2,5:20
수원,2019-05-02,15,25.3,14:13,7.2,5:20
수원,2019-05-03,16.3,26.9,13:37,7.2,5:42
수원,2019-05-04,17.2,26.9,13:31,9.5,3:50
수원,2019-05-05,18.1,27.5,12:40,10.6,5:37
수원,2019-05-06,13.5,20,15:29,8.6,23:56
수원,2019-05-07,14.1,22.5,14:39,6.7,4:28
수원,2019-05-08,14.7,22.7,14:49,7.4,5:24
수원,2019-05-09,15.7,23,15:15,10.4,23:46
수원,2019-05-10,16.2,26.6,13:12,7.7,5:11
수원,2019-05-11,17.7,27,14:35,10,5:15
수원,2019-05-12,19.3,28.8,15:07,10.6,4:27
수원,2019-05-13,18,24.8,13:07,13,4:49
수원,2019-05-14,19.2,27.2,16:00,12.6,4:55
수원,2019-05-15,19.9,27.9,14:22,13.7,2:57
수원,2019-05-16,22.3,30.5,14:06,15,5:20
수원,2019-05-17,22.5,28.4,14:15,15.5,5:12
수원,2019-05-18,21.4,25,16:05,18.1,4:54
수원,2019-05-19,19.3,21.6,14:51,17.4,2:12
수원,2019-05-20,15.7,19.5,0:01,10.7,23:53
수원,2019-05-21,16.7,24.2,14:20,9.4,5:24
수원,2019-05-22,19.4,27.4,13:40,10.7,5:10
수원,2019-05-23,20.7,29.9,16:26,12.4,5:13
수원,2019-05-24,23.1,32.6,15:17,14.6,4:16
수원,2019-05-25,23,30.2,14:04,16.9,4:57
수원,2019-05-26,23.8,31.2,13:53,16.9,5:22
수원,2019-05-27,17.4,22.9,1:34,14.4,23:44
수원,2019-05-28,18,24.6,13:34,11,4:40
수원,2019-05-29,19,27.1,15:30,11.8,5:26
수원,2019-05-30,19.3,26.8,12:41,12.3,5:35
수원,2019-05-31,18.9,24.2,13:44,14.4,4:05
수원,2019-06-01,17.9,24.6,14:32,12.6,4:35
수원,2019-06-02,20.5,28.1,13:43,12.4,5:14
수원,2019-06-03,22.3,28.8,12:36,14.1,5:12
수원,2019-06-04,21.8,29.3,12:17,16,4:46
수원,2019-06-05,21.6,29.2,13:08,17.9,6:24
수원,2019-06-06,21.2,26.3,12:43,16.8,3:54
수원,2019-06-07,19.9,24.5,17:04,17.1,5:07
수원,2019-06-08,21.7,28.4,15:01,15.2,5:01
수원,2019-06-09,21.7,27.1,14:33,17.4,23:56
수원,2019-06-10,19.5,23.9,12:34,16,6:02
수원,2019-06-11,20.5,26.3,14:59,15.9,23:51
수원,2019-06-12,20.6,26.2,14:04,14.6,4:08
수원,2019-06-13,22.5,29.3,14:34,15.1,4:58
수원,2019-06-14,22.4,28.5,14:12,17.7,4:26
수원,2019-06-15,21.6,26.8,11:54,17.1,5:38
수원,2019-06-16,20.9,28.4,13:57,15.3,5:09
수원,2019-06-17,21,26.5,14:14,17.2,4:17
수원,2019-06-18,21.1,25.2,16:15,17.9,4:20
수원,2019-06-19,21.9,27,14:18,18.8,0:54
수원,2019-06-20,22.6,28.7,13:55,19.5,1:17
수원,2019-06-21,22.5,27.2,15:33,18.7,5:08
수원,2019-06-22,24.2,31,16:54,18.1,5:17
수원,2019-06-23,24.2,30.8,14:13,17.1,5:14
수원,2019-06-24,24.2,30.7,13:23,19.2,5:26
수원,2019-06-25,25,32.7,14:18,17.2,5:09
수원,2019-06-26,24.3,28,16:14,19.4,4:29
수원,2019-06-27,25,29.7,15:01,21.1,0:25
수원,2019-06-28,24,29.8,14:58,21.1,23:55
수원,2019-06-29,22.9,26,12:12,20,2:14
수원,2019-06-30,23.5,28,13:01,19.7,5:35
수원,2019-07-01,23.2,29,15:39,19.6,5:15
수원,2019-07-02,23.9,30.2,13:33,19.7,4:57
수원,2019-07-03,23.9,28.8,13:07,19.9,2:54
수원,2019-07-04,24.1,31.6,13:42,18.4,2:53
수원,2019-07-05,26.8,35,15:15,19.3,3:38
수원,2019-07-06,28.6,35.1,16:44,20.3,5:40
수원,2019-07-07,27,31.9,14:52,23.6,5:24
수원,2019-07-08,25.2,30,15:27,21.3,4:58
수원,2019-07-09,25.3,30.4,13:33,20.6,4:10
수원,2019-07-10,22.5,26.5,14:06,19.2,21:14
수원,2019-07-11,22.1,26.8,12:29,19.6,2:07
수원,2019-07-12,23.8,28.3,12:22,19.7,5:15
수원,2019-07-13,23.6,28.1,15:17,20.9,7:57
수원,2019-07-14,25,31.2,14:46,20.6,4:42
수원,2019-07-15,23.9,27.2,12:41,21.4,2:57
수원,2019-07-16,25.1,29.5,12:19,21.5,3:20
수원,2019-07-17,26.1,30.6,15:56,22,4:56
수원,2019-07-18,27,32.3,15:33,23.2,6:05
수원,2019-07-19,28.3,33.8,13:20,22.1,3:37
수원,2019-07-20,28.4,32.2,15:40,25.6,7:39
수원,2019-07-21,25.1,28,0:01,23.7,5:48
수원,2019-07-22,27,31.7,17:19,24.3,1:59
수원,2019-07-23,28.3,33.8,15:45,24.6,2:16
수원,2019-07-24,26.5,27.7,17:18,24.7,5:37
수원,2019-07-25,26.2,27.3,13:11,25.5,6:12
수원,2019-07-26,25.8,28.5,16:06,24.7,10:49
수원,2019-07-27,28.3,33.2,14:09,24.5,5:37
수원,2019-07-28,26.4,28,0:01,24.8,8:03
수원,2019-07-29,28,31.2,15:30,25.6,3:00
수원,2019-07-30,28.7,31.5,13:53,26.6,4:52
수원,2019-07-31,26.9,28.8,15:34,23.8,10:15
수원,2019-08-01,27.7,31.9,15:15,25.1,4:01
수원,2019-08-02,28.4,33.9,15:08,24.5,1:58
수원,2019-08-03,29.1,35.5,14:46,24.6,6:03
수원,2019-08-04,28.8,34,14:02,24.7,5:18
수원,2019-08-05,30.4,36.2,14:43,24.9,3:44
수원,2019-08-06,31.7,36.5,14:19,27.9,2:42
수원,2019-08-07,27.5,32.7,15:11,24,6:44
수원,2019-08-08,28.4,33.2,14:02,24.9,4:22
수원,2019-08-09,29,34.1,15:25,25.1,3:05
수원,2019-08-10,30.9,36.3,16:39,25.6,2:35
수원,2019-08-11,30,35.3,15:08,25.5,23:48
수원,2019-08-12,26.8,29,17:15,24.7,0:32
수원,2019-08-13,29.1,34.7,16:23,25,6:18
수원,2019-08-14,30.1,35.2,15:24,25.5,4:23
수원,2019-08-15,25.6,29.8,0:01,23.8,23:40
수원,2019-08-16,25.7,29.5,12:38,23.4,0:41
수원,2019-08-17,24.8,27.6,12:28,21.3,23:53
수원,2019-08-18,24.4,29.7,14:26,20.8,3:00
수원,2019-08-19,25.5,31.1,14:50,20,4:10
수원,2019-08-20,27.4,31.9,14:48,22.6,3:56
수원,2019-08-21,27.2,31.3,15:49,24.1,4:54
수원,2019-08-22,26.3,30.5,13:01,23.8,23:09
수원,2019-08-23,25.5,29.6,14:44,22.9,23:36
수원,2019-08-24,23.1,27.2,17:14,20.2,5:24
수원,2019-08-25,23.9,28.8,13:08,19.7,3:35
수원,2019-08-26,25.6,31,15:58,20.1,5:13
수원,2019-08-27,24.7,28.8,15:28,21.5,6:39
수원,2019-08-28,25.4,29.4,14:09,22.7,6:11
수원,2019-08-29,23.1,27.1,10:58,20,12:34
수원,2019-08-30,22.6,26.8,13:33,18.6,4:08
수원,2019-08-31,22.6,27.7,12:48,17.4,5:42
수원,2019-09-01,23.2,28.2,16:07,18.5,4:44
수원,2019-09-02,24.3,29.2,13:41,19.2,6:20
수원,2019-09-03,23.8,26.2,14:38,21.5,4:26
수원,2019-09-04,23.3,27.4,13:57,21.9,6:36
수원,2019-09-05,23.5,27.6,11:52,22.1,22:35
수원,2019-09-06,26,29.1,12:34,22.1,1:16
수원,2019-09-07,26.4,30.4,13:31,23.4,20:33
수원,2019-09-08,24.5,27.7,12:59,22.6,2:26
수원,2019-09-09,24.4,27,13:58,22.4,4:12
수원,2019-09-10,24.9,29.1,10:58,22.7,4:07
수원,2019-09-11,24.2,27.4,14:39,21.5,7:10
수원,2019-09-12,20.7,23.4,0:01,17.7,21:07
수원,2019-09-13,22.6,28.7,16:09,17.4,5:49
수원,2019-09-14,22.4,24.1,12:17,20.7,0:01
수원,2019-09-15,23.9,29.4,15:53,19.6,5:58
수원,2019-09-16,24.2,29.4,15:05,19.2,23:33
수원,2019-09-17,22.9,29.4,15:29,16.6,6:38
수원,2019-09-18,20.7,26.1,12:41,14.8,24:00:00
수원,2019-09-19,19.2,25.7,15:28,11.7,6:14
수원,2019-09-20,20.2,23.9,12:50,15.1,1:44
수원,2019-09-21,19.2,21.6,12:38,16.8,22:29
수원,2019-09-22,17.5,19.6,23:57,15.5,6:24
수원,2019-09-23,19.1,24,14:16,14.2,23:53
수원,2019-09-24,18.3,25,13:59,13.1,3:46
수원,2019-09-25,19.6,26,15:04,13.8,0:49
수원,2019-09-26,22.1,26.5,14:44,16.9,3:40
수원,2019-09-27,22.7,27.1,14:21,19,3:46
수원,2019-09-28,22.8,28.2,13:53,18.3,6:49
수원,2019-09-29,21.1,27.9,14:48,15.7,5:50
수원,2019-09-30,21,28.6,15:27,15.1,6:54
수원,2019-10-01,22,27.4,14:37,15.7,5:44
수원,2019-10-02,21.9,23.8,9:18,20.4,22:57
수원,2019-10-03,22.8,27.8,15:43,19.9,6:30
수원,2019-10-04,21.9,26.9,15:19,17.8,5:40
수원,2019-10-05,18.9,22,13:03,15.7,23:54
수원,2019-10-06,18,22,15:28,14,5:57
수원,2019-10-07,14.8,17.9,0:01,13.4,23:53
수원,2019-10-08,15,20.6,12:34,10.7,24:00:00
수원,2019-10-09,12.8,19.6,14:40,6.4,4:02
수원,2019-10-10,14.9,20.2,13:30,9.5,0:02
수원,2019-10-11,18.8,24.8,15:53,12.1,6:56
수원,2019-10-12,18.3,23.3,13:26,14.1,23:44
수원,2019-10-13,16.9,22.9,15:27,12.5,2:36
수원,2019-10-14,14,19.4,14:38,8.5,23:50
수원,2019-10-15,13.3,19.6,13:21,7.3,3:38
수원,2019-10-16,13.9,20,14:51,7.9,4:31
수원,2019-10-17,14.6,20.6,14:47,9.1,7:15
수원,2019-10-18,16.7,21.9,13:38,10,3:18
수원,2019-10-19,16,22.2,13:34,10.4,6:10
수원,2019-10-20,15.1,21.7,15:19,10.8,3:51
수원,2019-10-21,16.1,23.9,14:44,9.5,5:51
수원,2019-10-22,16.6,23,14:27,11.1,5:08
수원,2019-10-23,17,20,14:27,12.4,1:01
수원,2019-10-24,18.6,23.3,15:06,14.1,4:08
수원,2019-10-25,16.6,21.7,13:11,10.7,4:37
수원,2019-10-26,9.8,13.9,13:25,6.4,23:54
수원,2019-10-27,10.2,16.8,14:51,3,5:36
수원,2019-10-28,12.4,17.4,14:16,6.3,6:03
수원,2019-10-29,12.6,18.1,13:40,8.2,23:58
수원,2019-10-30,10.3,17.1,14:37,3.3,5:51
수원,2019-10-31,14.1,20.4,14:42,7.3,5:46
수원,2019-11-01,14.3,20,15:26,8.3,23:48
수원,2019-11-02,12.9,18.8,13:24,6.1,4:29
수원,2019-11-03,14,20.7,15:21,7.8,6:00
수원,2019-11-04,13,19.2,14:54,8.3,23:51
수원,2019-11-05,10.8,16.9,12:56,6,6:09
수원,2019-11-06,10.2,16.5,14:01,3.8,7:17
수원,2019-11-07,8.8,14.1,12:53,3.9,23:58
수원,2019-11-08,5.9,13.1,14:12,-0.7,4:59
수원,2019-11-09,7.9,16.9,13:56,0.3,6:49
수원,2019-11-10,9.8,15.4,14:28,3.5,5:06
수원,2019-11-11,11.2,15.9,13:32,7.7,23:28
수원,2019-11-12,8.6,15,13:39,3,6:04
수원,2019-11-13,7.3,12.2,16:03,4.1,24:00:00
수원,2019-11-14,1.9,4.9,14:34,-1.1,6:32
수원,2019-11-15,7,10.9,15:53,0.5,0:58
수원,2019-11-16,7.8,14.7,15:19,3.7,23:46
수원,2019-11-17,9.2,12.4,24:00:00,4,0:58
수원,2019-11-18,5.4,13.9,0:29,1.1,23:57
수원,2019-11-19,1.5,5.4,14:30,-2,7:26
수원,2019-11-20,0.6,6.5,15:26,-3.9,6:47
수원,2019-11-21,4.8,9.9,14:40,-3.2,5:42
수원,2019-11-22,9.8,16.7,15:11,2.4,6:50
수원,2019-11-23,11.8,17.9,16:00,7,2:51
수원,2019-11-24,10.1,17.9,12:41,5.6,23:59
수원,2019-11-25,1.8,5.6,0:01,-1.1,7:04
수원,2019-11-26,6.4,13.2,13:52,-0.9,1:56
수원,2019-11-27,3.6,7,12:47,0.2,23:33
수원,2019-11-28,3.8,10.6,13:43,-1.8,3:32
수원,2019-11-29,1.9,8,15:27,-3.5,6:23
수원,2019-11-30,4,10.4,14:25,-3.2,6:56
수원,2019-12-01,5.3,6.8,13:43,3.3,23:57
수원,2019-12-02,0.9,4.4,12:48,-1.8,23:49
수원,2019-12-03,-0.1,2.7,18:34,-4.5,3:22
수원,2019-12-04,2.6,8.2,15:08,-1.7,7:49
수원,2019-12-05,-3.2,1.3,0:01,-7.9,23:41
수원,2019-12-06,-5.6,-0.4,14:56,-10.8,7:33
수원,2019-12-07,-1.7,2.9,15:29,-6.3,0:39
수원,2019-12-08,-1.2,5.2,14:53,-6.8,6:57
수원,2019-12-09,3.4,8.4,15:18,-2.8,3:19
수원,2019-12-10,7.2,11.6,14:30,2.4,1:18
수원,2019-12-11,6,9.5,12:06,0.9,24:00:00
수원,2019-12-12,-0.4,4,14:18,-3.2,23:17
수원,2019-12-13,1.7,6.2,15:27,-4.7,6:22
수원,2019-12-14,2.5,6.4,14:37,0.1,8:00
수원,2019-12-15,4.9,11.8,15:18,-2,2:11
수원,2019-12-16,8.2,14.3,14:31,-0.2,2:27
수원,2019-12-17,7.7,10.5,0:01,4,23:59
수원,2019-12-18,1,4.9,14:29,-1.3,7:27
수원,2019-12-19,-0.3,4,14:33,-3.3,7:57
수원,2019-12-20,-1.1,3.1,12:54,-4.3,23:49
수원,2019-12-21,-1.1,3.3,15:10,-5.9,3:11
수원,2019-12-22,3.9,8.5,15:02,-0.4,0:01
수원,2019-12-23,3.2,5.2,12:55,-0.5,23:36
수원,2019-12-24,0.6,6.8,15:43,-3.8,7:46
수원,2019-12-25,1.3,7.3,15:43,-4.4,6:15
수원,2019-12-26,2,3.7,5:13,-1.5,23:57
수원,2019-12-27,-1.1,2.9,14:09,-4.9,7:28
수원,2019-12-28,0.6,6.1,15:59,-4.3,7:11
수원,2019-12-29,3.2,6.2,13:40,-1.3,1:33
수원,2019-12-30,3.1,7,11:51,-4.2,23:51
수원,2019-12-31,-6.9,-3.7,15:54,-9.7,7:49
수원,2020-01-01,-2.2,0.3,15:35,-6.3,0:36
수원,2020-01-02,1.3,3.2,15:56,-0.3,1:01
수원,2020-01-03,-0.1,5.2,14:59,-3.9,7:57
수원,2020-01-04,1.3,7.6,14:59,-4.9,4:33
수원,2020-01-05,0.1,6.3,14:35,-5.9,7:49
수원,2020-01-06,3.5,4.9,23:57,-1.8,0:21
수원,2020-01-07,7.7,12.2,23:10,4.9,0:01
수원,2020-01-08,2.9,11.7,0:01,0.1,23:47
수원,2020-01-09,-0.3,3.1,14:45,-3.1,23:52
수원,2020-01-10,-0.7,4.5,15:45,-4.6,4:04
수원,2020-01-11,-0.2,4.5,13:48,-3.8,4:43
수원,2020-01-12,-0.5,2.4,14:52,-3.9,7:39
수원,2020-01-13,-2,0.6,15:02,-4.6,23:09
수원,2020-01-14,-2,3.2,15:04,-6.1,4:36
수원,2020-01-15,-2.5,2.3,14:56,-7,4:59
수원,2020-01-16,-2,4.1,15:23,-6.9,4:03
수원,2020-01-17,-1.1,4.8,15:17,-5.6,6:08
수원,2020-01-18,-0.5,5.6,14:51,-5.3,7:41
수원,2020-01-19,1.7,5.9,13:01,-2.1,0:04
수원,2020-01-20,1.2,5.7,13:53,-2.8,23:41
수원,2020-01-21,-0.7,5.4,15:47,-5.9,7:24
수원,2020-01-22,2.1,5.1,16:22,-1.3,0:09
수원,2020-01-23,4.1,10.7,14:03,-1.4,7:50
수원,2020-01-24,2.4,9.2,14:11,-2.2,8:12
수원,2020-01-25,2.8,9.1,15:07,-2.2,3:46
수원,2020-01-26,5.3,11.9,14:38,-2.7,7:05
수원,2020-01-27,5.9,8.1,13:56,3.5,20:20
수원,2020-01-28,7.4,11,14:44,3.9,0:08
수원,2020-01-29,6.2,11.4,14:09,1,3:31
수원,2020-01-30,5.3,10.5,14:00,0.7,6:42
수원,2020-01-31,2.9,7.5,12:40,-0.5,23:21
수원,2020-02-01,1.9,7.7,15:09,-2.2,6:11
수원,2020-02-02,1,5.8,14:36,-3.5,6:39
수원,2020-02-03,-0.1,3,14:17,-2.9,23:59
수원,2020-02-04,-1,5.1,14:41,-7,6:54
수원,2020-02-05,-7.2,-2.4,0:01,-9.9,7:50
수원,2020-02-06,-6.3,0.2,16:07,-11.9,4:47
수원,2020-02-07,-1.5,2.8,15:04,-7.9,1:09
수원,2020-02-08,0.4,4.6,14:42,-2.2,23:25
수원,2020-02-09,-0.9,3.9,14:51,-7,7:03
수원,2020-02-10,3.2,10.5,14:52,-1.9,7:27
수원,2020-02-11,5.9,14.5,15:21,-2.9,4:15
수원,2020-02-12,7.3,8.4,5:22,5.3,0:12
수원,2020-02-13,5.9,7.6,0:08,3.6,24:00:00
수원,2020-02-14,6.5,13.3,15:18,2,7:12
수원,2020-02-15,8.7,15.3,13:34,3,3:37
수원,2020-02-16,-1.1,5,0:01,-3.7,20:45
수원,2020-02-17,-4.8,-3.1,0:36,-6.6,22:28
수원,2020-02-18,-3.6,1.5,16:01,-7.9,6:07
수원,2020-02-19,1.1,6.3,15:54,-4.7,0:23
수원,2020-02-20,4.4,11.6,14:56,-0.5,7:28
수원,2020-02-21,6.5,11.9,13:53,0.4,0:31
수원,2020-02-22,4.4,8,11:55,0.4,23:49
수원,2020-02-23,2.2,7.8,15:56,-3.5,7:28
수원,2020-02-24,7,13.7,14:59,-0.7,5:11
수원,2020-02-25,6.8,8.3,18:40,5.6,5:04
수원,2020-02-26,5.6,11.4,14:25,1.1,4:51
수원,2020-02-27,5.5,11.6,15:57,0.2,6:07
수원,2020-02-28,4.6,5.7,20:14,2.9,11:56
수원,2020-02-29,7,13,14:13,3.3,23:51
수원,2020-03-01,4.8,10.2,12:38,0.4,4:57
수원,2020-03-02,3.1,6.8,14:08,0.6,23:58
수원,2020-03-03,4.6,10.8,13:58,-0.9,5:39
수원,2020-03-04,2.5,5.3,13:02,-0.9,23:55
수원,2020-03-05,1.1,5.6,13:49,-2.3,7:20
수원,2020-03-06,3.1,10.4,15:56,-3.8,6:45
수원,2020-03-07,5.3,12.9,14:26,-0.8,3:22
수원,2020-03-08,7.4,17.1,15:50,-1.1,6:36
수원,2020-03-09,9.5,16.6,15:19,1.2,7:13
수원,2020-03-10,6.6,8.9,0:09,3.9,23:51
수원,2020-03-11,3.5,7.3,14:17,0.4,7:05
수원,2020-03-12,6.5,14.1,14:21,-1,5:43
수원,2020-03-13,5.4,9.7,12:21,0.3,23:53
수원,2020-03-14,3.9,8.9,13:12,-2.9,6:25
수원,2020-03-15,4.5,9.4,11:24,1,23:18
수원,2020-03-16,3.3,9.5,15:14,-2.4,6:27
수원,2020-03-17,5.9,12.8,15:19,1.5,0:01
수원,2020-03-18,9.4,17.8,15:28,-0.9,5:06
수원,2020-03-19,8.7,13.5,7:02,6.6,20:48
수원,2020-03-20,8.7,14.7,12:56,2.6,6:41
수원,2020-03-21,11.8,20.4,15:50,4.4,3:52
수원,2020-03-22,10.9,17.2,13:43,5.1,6:03
수원,2020-03-23,9.3,16.7,14:56,3.2,5:20
수원,2020-03-24,9.6,17.6,14:14,2.2,5:36
수원,2020-03-25,11.8,19.9,14:48,2.6,6:43
수원,2020-03-26,14.1,20.9,13:36,6.3,5:33
수원,2020-03-27,11.1,13.9,0:01,6.8,23:50
수원,2020-03-28,7.5,12.8,15:33,4.4,23:44
수원,2020-03-29,7.4,15.8,15:22,-1,6:03
수원,2020-03-30,8.3,15.8,13:23,1.5,6:14
수원,2020-03-31,9.8,18,13:35,1,6:28
수원,2020-04-01,11.1,17.6,12:30,6.6,23:56
수원,2020-04-02,8.7,15.4,13:09,1.9,5:38
수원,2020-04-03,9.1,15.6,13:13,3.8,2:47
수원,2020-04-04,8.9,13.7,13:42,4.6,6:30
수원,2020-04-05,6.7,11.8,13:03,2,5:18
수원,2020-04-06,8.2,15.7,13:25,1.1,5:57
수원,2020-04-07,9.6,17.4,13:49,3.8,3:34
수원,2020-04-08,8.8,13.9,12:28,3.7,5:29
수원,2020-04-09,8.2,14,12:59,2,6:05
수원,2020-04-10,9.3,16,13:51,2.9,6:23
수원,2020-04-11,8.4,14.8,13:57,4.1,5:00
수원,2020-04-12,9.6,15.5,14:57,2.4,4:47
수원,2020-04-13,10.7,19.5,15:54,5.1,4:56
수원,2020-04-14,11.3,18.8,13:07,4.9,6:08
수원,2020-04-15,11.5,19.6,13:39,3.3,6:04
수원,2020-04-16,14.3,23.5,16:13,5.1,4:53
수원,2020-04-17,12.4,17,15:43,9.8,23:33
수원,2020-04-18,12.8,18.1,14:02,9.1,5:25
수원,2020-04-19,11.8,15.5,12:13,8.6,2:45
수원,2020-04-20,10.3,14.6,11:25,7.1,23:58
수원,2020-04-21,7.5,10.6,10:51,5,5:10
수원,2020-04-22,6.7,9.1,12:58,5,3:37
수원,2020-04-23,8,12.8,14:16,3.1,4:49
수원,2020-04-24,9.9,15.4,13:55,2.7,6:01
수원,2020-04-25,13.1,18.4,13:03,8.7,22:44
수원,2020-04-26,11.8,18.4,14:24,5.2,5:34
수원,2020-04-27,12,18.1,14:34,6.7,5:30
수원,2020-04-28,13.6,21,13:46,6,5:27
수원,2020-04-29,14.4,21.8,14:00,8.8,5:21
수원,2020-04-30,16.3,23.8,15:10,6.6,5:32
수원,2020-05-01,20.4,27,14:00,15.9,3:54
수원,2020-05-02,20.8,25.3,13:55,18.3,2:42
수원,2020-05-03,21.1,26,15:27,16.2,4:17
수원,2020-05-04,18.3,23.7,13:33,12.1,22:45
수원,2020-05-05,14.2,20.3,11:09,11,4:07
수원,2020-05-06,17.8,26.8,14:39,8.8,4:52
수원,2020-05-07,20.6,25.9,13:47,14,5:46
수원,2020-05-08,18.9,25,14:23,14.3,24:00:00
수원,2020-05-09,14.7,17.3,15:23,12.9,23:13
수원,2020-05-10,14.2,17.1,13:46,12.8,20:51
수원,2020-05-11,16.4,22.4,14:20,12.1,24:00:00
수원,2020-05-12,14.1,18.7,14:08,9.5,3:54
수원,2020-05-13,15.8,22,13:28,8.6,3:54
수원,2020-05-14,20,26.3,15:28,11.7,2:47
수원,2020-05-15,16.2,21.3,0:01,14.5,10:07
수원,2020-05-16,16.5,19.1,15:14,14.9,7:10
수원,2020-05-17,19.1,25.7,16:00,14.3,5:52
수원,2020-05-18,19.2,27.7,14:49,12.9,21:37
수원,2020-05-19,13.5,18.3,15:54,10.9,23:23
수원,2020-05-20,14.1,19.9,15:10,9.7,1:38
수원,2020-05-21,17.1,22.1,17:03,10.3,2:09
수원,2020-05-22,18.2,23,13:52,13.1,4:25
수원,2020-05-23,19.9,25.4,15:17,15.8,5:19
수원,2020-05-24,16.8,19.6,6:02,13.5,23:51
수원,2020-05-25,15.5,20,14:49,12.6,3:29
수원,2020-05-26,16.1,23.6,13:49,12.6,1:16
수원,2020-05-27,17.1,24.1,12:58,12,5:52
수원,2020-05-28,18,23.8,14:01,12.5,1:59
수원,2020-05-29,19.4,27.4,15:20,13.1,4:12
수원,2020-05-30,21.6,29.7,15:33,15.1,5:43
수원,2020-05-31,20.4,27.6,13:13,15.8,4:47
수원,2020-06-01,18.9,24,13:54,14,23:56
수원,2020-06-02,18.3,23.3,15:04,13,4:24
수원,2020-06-03,21.9,28,16:39,18,5:18
수원,2020-06-04,22.3,27.4,13:27,19,23:52
수원,2020-06-05,21.5,27.9,15:46,18.3,23:27
수원,2020-06-06,23.3,30.7,15:51,16.7,4:39
수원,2020-06-07,21.6,28.4,15:57,17.7,4:25
수원,2020-06-08,24.1,31.5,15:44,17.9,0:14
수원,2020-06-09,25.7,32.7,13:05,18,4:05
수원,2020-06-10,25.4,32.5,15:10,19.6,5:20
수원,2020-06-11,25.4,31,15:15,21.6,23:52
수원,2020-06-12,23.4,27.6,13:38,19.5,4:41
수원,2020-06-13,25.7,32.4,15:38,20.3,5:17
수원,2020-06-14,22.9,28,14:39,18.7,23:56
수원,2020-06-15,22.3,27.9,15:05,17.2,4:06
수원,2020-06-16,23.4,29.5,15:22,19.6,2:02
수원,2020-06-17,22.9,29.1,13:42,18,5:10
수원,2020-06-18,22.7,26.3,15:34,19.4,4:34
수원,2020-06-19,23.8,29.1,14:49,19.9,23:47
수원,2020-06-20,23.6,29.3,14:16,18.7,5:14
수원,2020-06-21,24.2,31.9,14:07,18.5,4:45
수원,2020-06-22,26.5,34,16:17,19.2,4:03
수원,2020-06-23,25.5,30.2,12:17,20.8,5:38
수원,2020-06-24,22.5,26.4,4:38,20.4,10:57
수원,2020-06-25,21.6,23.6,14:20,19.8,24:00:00
수원,2020-06-26,21.8,25.8,15:17,18.7,4:33
수원,2020-06-27,23.7,29.3,14:29,20,3:09
수원,2020-06-28,23.5,28.7,14:00,20,3:02
수원,2020-06-29,22.7,26.8,15:13,17.3,3:58
수원,2020-06-30,20.2,23,16:58,17.9,22:20
수원,2020-07-01,20.8,24.6,14:52,17.5,4:35
수원,2020-07-02,23.8,29.5,17:21,19,0:51
수원,2020-07-03,23.8,29,12:28,19.6,3:19
수원,2020-07-04,22.5,28.2,13:59,18.5,2:47
수원,2020-07-05,22.6,28.1,15:45,18.1,5:25
수원,2020-07-06,24.6,30.5,15:02,20.1,5:13
수원,2020-07-07,23.3,27.9,15:48,20.7,23:25
수원,2020-07-08,23.6,29.6,14:42,19.9,3:39
수원,2020-07-09,27,33,13:47,20,3:22
수원,2020-07-10,25.8,29.1,18:16,23.1,23:58
수원,2020-07-11,26,30.6,14:24,21,4:31
수원,2020-07-12,23.2,25.6,12:54,20.8,23:42
수원,2020-07-13,19,20.8,0:01,18.3,5:34
수원,2020-07-14,20.8,23.9,14:39,17.6,5:50
수원,2020-07-15,22.3,27.9,16:41,18.7,4:39
수원,2020-07-16,23.3,29,14:22,18,5:26
수원,2020-07-17,24.4,29.8,13:41,20.4,3:40
수원,2020-07-18,25.2,30,15:41,20.5,3:56
수원,2020-07-19,25.1,28.1,16:47,20.5,7:34
수원,2020-07-20,24,27.8,1:32,22.5,20:48
수원,2020-07-21,24.7,29.9,13:25,21.5,5:27
수원,2020-07-22,22.6,23.7,11:53,21.7,22:41
수원,2020-07-23,21.6,23.1,9:45,19.7,23:11
수원,2020-07-24,23.3,27.2,16:03,20.3,0:05
수원,2020-07-25,25.2,29.4,15:12,22.4,5:25
수원,2020-07-26,25,29.2,13:26,22.5,4:39
수원,2020-07-27,24.6,27.1,16:47,22.6,0:57
수원,2020-07-28,24.2,25.7,14:04,22.8,3:52
수원,2020-07-29,24.7,27.8,14:55,23.2,5:01
수원,2020-07-30,24.8,28.3,14:30,22.6,23:30
수원,2020-07-31,25.9,30,15:41,22.5,0:10
수원,2020-08-01,26.2,29.2,11:53,24,22:29
수원,2020-08-02,25.2,28.1,13:59,23.3,17:08
수원,2020-08-03,25,26.8,3:00,23,19:45
수원,2020-08-04,27.4,30.4,15:24,23.8,0:01
수원,2020-08-05,27,29.1,18:06,25.2,13:42
수원,2020-08-06,24.3,26.2,14:27,22.8,23:33
수원,2020-08-07,24.2,25.9,17:18,22.4,5:24
수원,2020-08-08,24,25,16:15,22.7,8:22
수원,2020-08-09,25.3,27.7,15:32,24.1,7:56
수원,2020-08-10,26.6,30.5,12:51,24.9,0:24
수원,2020-08-11,25.4,28.3,13:39,23.5,22:13
수원,2020-08-12,27.2,30.9,13:33,23.4,3:58
수원,2020-08-13,28.2,32.1,15:35,25.9,2:56
수원,2020-08-14,27.7,29.9,11:26,26.3,5:35
수원,2020-08-15,26.7,29.3,17:07,25.1,8:12
수원,2020-08-16,27.5,31.6,14:39,24.7,4:14
수원,2020-08-17,28.1,32.8,15:24,25.1,23:05
수원,2020-08-18,26.9,32.2,17:09,23.1,5:08
수원,2020-08-19,26.7,32.1,13:55,22.8,4:33
수원,2020-08-20,27.4,33,15:28,23.3,3:03
수원,2020-08-21,27.6,31.4,13:26,23.8,3:06
수원,2020-08-22,25,29.4,13:08,22,19:37
수원,2020-08-23,25.7,30.4,14:48,21.7,5:45
수원,2020-08-24,27.7,32,12:37,22.5,2:27
수원,2020-08-25,29.7,34.9,15:15,24.6,4:38
수원,2020-08-26,30.3,34.2,12:55,26.8,23:00
수원,2020-08-27,27.9,30,13:17,25.9,21:31
수원,2020-08-28,27.7,30.9,14:14,25.5,1:43
수원,2020-08-29,26.4,28.9,12:38,24.9,6:05
수원,2020-08-30,26.8,30.9,16:17,24.8,5:20
수원,2020-08-31,27.4,30.8,16:09,24.5,3:28
수원,2020-09-01,26.1,29.7,14:05,23.5,6:20
수원,2020-09-02,24.3,26,10:25,22.8,23:56
수원,2020-09-03,22.7,26.3,15:12,19.7,24:00:00
수원,2020-09-04,23.1,27.4,14:01,19.1,0:39
수원,2020-09-05,23.3,27.5,15:09,19.3,0:45
수원,2020-09-06,21.4,25,14:40,18.9,23:55
수원,2020-09-07,19.5,22.4,23:17,16.7,7:33
수원,2020-09-08,23.3,26.9,14:12,21,4:44
수원,2020-09-09,20.5,25.3,13:06,17.6,22:38
수원,2020-09-10,22.3,27.6,16:20,18.1,0:01
수원,2020-09-11,22.2,26.3,11:02,18.5,23:40
수원,2020-09-12,20,22.1,14:10,17.8,3:47
수원,2020-09-13,21.3,26.6,14:44,16.8,6:01
수원,2020-09-14,21,26,13:37,16.1,6:16
수원,2020-09-15,22.6,27.4,15:11,18.7,4:52
수원,2020-09-16,21.8,25.4,12:09,19.7,23:43
수원,2020-09-17,20.8,24,12:39,18.8,22:30
수원,2020-09-18,21.2,26,13:26,17.7,5:54
수원,2020-09-19,19.8,26.3,14:19,15.7,7:05
수원,2020-09-20,18.6,24.9,15:03,13.5,3:04
수원,2020-09-21,18.3,24.6,15:51,12.6,4:40
수원,2020-09-22,19.9,25.1,15:47,15,5:31
수원,2020-09-23,19.4,23.5,14:16,15.7,4:11
수원,2020-09-24,21.1,25.7,13:36,17.6,6:12
수원,2020-09-25,20.6,25.5,14:10,14.9,4:48
수원,2020-09-26,20,24.9,15:07,15.7,6:25
수원,2020-09-27,20,26,14:59,15.4,4:59
수원,2020-09-28,19.6,26,14:58,14.1,6:05
수원,2020-09-29,18.9,24.4,14:03,13.9,6:47
수원,2020-09-30,18.8,24.9,13:09,14.6,4:41
수원,2020-10-01,18.7,24.3,14:44,15.1,5:56
수원,2020-10-02,19.2,23.8,12:59,14.5,5:17
수원,2020-10-03,19.6,23.8,13:50,16.9,7:23
수원,2020-10-04,17.1,22,13:04,11.5,23:40
수원,2020-10-05,13.6,18.3,13:49,7.4,6:25
수원,2020-10-06,13.7,19.8,14:49,7.5,5:24
수원,2020-10-07,15.4,21.7,14:24,8.6,5:30
수원,2020-10-08,17.3,23.4,15:47,10.8,5:05
수원,2020-10-09,17.3,23.5,15:50,10.2,5:59
수원,2020-10-10,16.6,21.5,14:31,10.3,6:04
수원,2020-10-11,16.2,20.6,11:31,12.9,5:57
수원,2020-10-12,15.4,21.2,12:49,11.5,23:51
수원,2020-10-13,12.4,18.2,14:59,6,5:53
수원,2020-10-14,12.9,19.5,14:10,8.2,2:31
수원,2020-10-15,11.2,18.4,14:15,6,4:58
수원,2020-10-16,11.6,16.1,14:00,6.5,3:23
수원,2020-10-17,12.5,18.6,14:08,7.9,24:00:00
수원,2020-10-18,12.6,19.5,13:50,5.7,4:08
수원,2020-10-19,14,21,14:34,7.1,4:31
수원,2020-10-20,13.8,21.6,14:38,7.3,6:21
수원,2020-10-21,14,17.3,15:57,9.9,0:02
수원,2020-10-22,13.2,18.8,12:10,8.1,23:15
수원,2020-10-23,8.7,12.9,16:10,5.1,23:51
수원,2020-10-24,8.5,14.1,15:44,3.1,1:49
수원,2020-10-25,10.8,18,12:13,3.7,6:54
수원,2020-10-26,11.4,18.9,13:24,5,5:29
수원,2020-10-27,12.6,19.5,14:29,6.6,3:51
수원,2020-10-28,13.6,19,13:30,9.3,23:34
수원,2020-10-29,9.5,16.4,14:43,2.2,6:23
수원,2020-10-30,10.4,19,14:43,3.1,6:23
수원,2020-10-31,12.9,18.6,12:57,5.7,0:17
수원,2020-11-01,12.9,13.8,14:18,11.7,8:29
수원,2020-11-02,10.7,16.2,14:25,5.8,7:32
수원,2020-11-03,5.4,9,0:01,2.5,23:58
수원,2020-11-04,4.9,10.7,15:37,-0.4,4:17
수원,2020-11-05,8.6,15.5,14:32,0.7,5:45
수원,2020-11-06,12.9,16.8,15:06,8.6,3:59
수원,2020-11-07,13.3,17.5,12:36,9,24:00:00
수원,2020-11-08,8.3,12.4,13:19,3.7,23:58
수원,2020-11-09,5.9,9.8,14:37,0.9,4:56
수원,2020-11-10,6.7,13.3,13:59,-0.1,5:34
수원,2020-11-11,7.9,16.4,15:11,0.8,6:56
수원,2020-11-12,9,17.8,14:47,1.8,4:37
수원,2020-11-13,10.2,17,15:15,4.8,3:28
수원,2020-11-14,10.6,18.8,14:32,3.6,7:29
수원,2020-11-15,9.9,16.7,13:40,4.5,6:31
수원,2020-11-16,11.5,17.9,14:49,5.4,3:52
수원,2020-11-17,16,19.9,13:22,10.5,4:24
수원,2020-11-18,17.3,19.7,14:14,14.5,0:48
수원,2020-11-19,14.2,20.7,6:20,7.8,23:58
수원,2020-11-20,3.5,7.8,0:01,-0.5,23:41
수원,2020-11-21,6.7,12.7,14:38,-1.2,2:39
수원,2020-11-22,6,9.2,0:14,1.7,23:55
수원,2020-11-23,1.8,5.8,13:43,-0.8,23:10
수원,2020-11-24,3.4,8.4,15:20,-1.3,1:00
수원,2020-11-25,4.2,10.4,14:45,-1.4,4:59
수원,2020-11-26,5.4,11,14:50,0.8,2:53
수원,2020-11-27,4.3,7.5,10:50,0.5,23:55
수원,2020-11-28,0.4,3.7,13:25,-1.8,7:12
수원,2020-11-29,-0.3,2.8,12:59,-3.2,5:36
수원,2020-11-30,-0.3,4.7,13:16,-5,5:27
수원,2020-12-01,1.6,6.5,14:57,-4.2,4:09
수원,2020-12-02,3.2,8,14:18,0.4,23:56
수원,2020-12-03,1.3,5,13:48,-2,24:00:00
수원,2020-12-04,-0.3,5.2,14:49,-4.9,6:28
수원,2020-12-05,1.9,7,14:17,-3,5:11
수원,2020-12-06,3.5,9,14:38,-0.2,6:44
수원,2020-12-07,3.4,7.5,13:25,-0.7,23:24
수원,2020-12-08,-0.7,4.5,14:54,-4,7:34
수원,2020-12-09,1,5.8,13:40,-6.4,5:34
수원,2020-12-10,5.5,9.5,14:13,2.4,1:53
수원,2020-12-11,4.9,9.8,13:57,0.2,5:46
수원,2020-12-12,2.4,6.8,14:06,-1.4,23:02
수원,2020-12-13,-0.9,2.2,13:04,-5.3,23:49
수원,2020-12-14,-6.7,-4.3,12:57,-8.7,7:28
수원,2020-12-15,-6.9,-3.6,14:25,-9.7,7:33
수원,2020-12-16,-7,-3.1,15:52,-9.9,7:25
수원,2020-12-17,-5.3,0.7,15:37,-11.5,5:24
수원,2020-12-18,-1.5,2.4,13:58,-6,23:50
수원,2020-12-19,-4.6,-1,13:12,-9,7:41
수원,2020-12-20,-3.9,1.6,14:48,-9.8,7:04
수원,2020-12-21,-1.6,4.1,12:39,-7.3,3:27
수원,2020-12-22,1.6,6.5,15:05,-3.5,0:23
수원,2020-12-23,3.6,9.2,13:40,-3,5:34
수원,2020-12-24,2.5,6.5,12:38,-1.5,23:51
수원,2020-12-25,-1,3.8,15:06,-5.5,4:32
수원,2020-12-26,1.6,8.5,14:46,-2.9,0:03
수원,2020-12-27,4.7,9.1,13:05,-0.1,1:26
수원,2020-12-28,5.3,11.4,15:27,1.4,23:53
수원,2020-12-29,-0.3,4.2,11:10,-5.4,23:59
수원,2020-12-30,-10,-5.4,0:01,-12.5,23:34
수원,2020-12-31,-8.7,-4.4,13:50,-12.6,5:56
수원,2021-01-01,-4.6,0,15:27,-10.4,3:32
수원,2021-01-02,-4.5,-0.8,14:46,-8.4,7:26
수원,2021-01-03,-5.5,-0.4,13:29,-10.1,7:05
수원,2021-01-04,-3.6,0.6,14:48,-10.4,5:39
수원,2021-01-05,-4.9,-0.8,0:13,-9.3,23:54
수원,2021-01-06,-7.2,-1.9,15:27,-12.4,5:59
수원,2021-01-07,-13.8,-8.3,0:01,-15.9,7:52
수원,2021-01-08,-14.4,-10.7,14:48,-18.4,6:56
수원,2021-01-09,-12.7,-7.7,15:46,-18.6,4:41
수원,2021-01-10,-8.9,-2.7,15:33,-16.8,5:53
수원,2021-01-11,-7.6,-3.6,15:12,-12.5,3:05
수원,2021-01-12,-3.9,0.7,14:38,-11,4:57
수원,2021-01-13,1.7,8.7,14:25,-4.9,6:25
수원,2021-01-14,1.5,7.6,15:50,-5.3,8:00
수원,2021-01-15,4,11.3,13:03,-1.6,1:19
수원,2021-01-16,-4.2,-0.7,0:01,-7.3,24:00:00
수원,2021-01-17,-5.3,-1.4,16:51,-11.1,7:40
수원,2021-01-18,-3.2,1.6,13:01,-8.2,23:55
수원,2021-01-19,-6.6,-0.5,15:12,-12.1,7:27
수원,2021-01-20,-0.4,7.4,16:00,-8.6,4:35
수원,2021-01-21,4.5,8.3,13:27,-0.2,0:14
수원,2021-01-22,5.7,7.5,13:58,3.9,4:11
수원,2021-01-23,7.9,12.1,14:42,1.9,5:46
수원,2021-01-24,6.9,13.1,15:33,1.3,8:01
수원,2021-01-25,6.9,14.2,14:47,0.6,3:53
수원,2021-01-26,4.2,6.6,15:13,1,23:41
수원,2021-01-27,1.5,6.2,14:17,-2.4,7:48
수원,2021-01-28,-2.6,1.6,11:49,-8.6,23:57
수원,2021-01-29,-8.1,-4.6,14:42,-11,4:54
수원,2021-01-30,-0.8,6.6,13:25,-8.4,0:01
수원,2021-01-31,3.6,10.5,14:54,-5.8,5:54
수원,2021-02-01,5,9.9,13:44,-1.3,23:59
수원,2021-02-02,-4.8,-1.2,0:01,-6.9,7:33
수원,2021-02-03,-3.2,1.7,15:23,-10.3,5:25
수원,2021-02-04,-3.8,0.8,1:45,-8,8:03
수원,2021-02-05,0.5,6.6,15:37,-6.4,0:01
수원,2021-02-06,6.1,10.2,15:53,0.8,4:10
수원,2021-02-07,3.2,7.2,0:08,-2.2,24:00:00
수원,2021-02-08,-2.6,0.6,14:42,-4.6,7:39
수원,2021-02-09,-1.3,4,16:19,-7.4,7:02
수원,2021-02-10,2.3,7.4,16:15,-3.4,2:43
수원,2021-02-11,4,11.3,15:21,-1.3,5:44
수원,2021-02-12,4.9,14.1,14:56,-1.6,7:09
수원,2021-02-13,4.9,15.7,15:25,-3.2,7:20
수원,2021-02-14,8.1,14,13:10,2.4,2:52
수원,2021-02-15,1,6.6,0:20,-4.1,23:57
수원,2021-02-16,-4.8,-2.5,11:25,-6.7,5:59
수원,2021-02-17,-7.9,-5,15:17,-9.8,6:18
수원,2021-02-18,-5.5,-0.8,15:02,-9.9,4:53
수원,2021-02-19,1.4,9.3,14:26,-8.1,5:27
수원,2021-02-20,7,14.4,15:23,0,3:47
수원,2021-02-21,10.8,18.5,14:44,1.7,7:11
수원,2021-02-22,6.6,12.7,14:32,0.6,23:56
수원,2021-02-23,0.2,4.1,14:19,-2.5,6:43
수원,2021-02-24,2.1,10.2,15:43,-2.1,6:23
수원,2021-02-25,3.4,8.6,14:15,-2.2,3:11
수원,2021-02-26,8.1,15.6,15:20,-1.3,7:26
수원,2021-02-27,8.8,14.6,15:17,3.5,7:22
수원,2021-02-28,7.3,10.7,15:22,0.9,6:55
수원,2021-03-01,5,8.1,1:07,0.5,23:25
수원,2021-03-02,2.4,6.8,16:28,-0.6,23:45
수원,2021-03-03,3.4,9.5,15:54,-2.1,4:49
수원,2021-03-04,6.7,12.2,15:47,0.4,2:25
수원,2021-03-05,7.3,16,14:42,1,5:31
수원,2021-03-06,7,12.6,12:56,4,0:01
수원,2021-03-07,5.7,10.8,15:56,2.2,23:56
수원,2021-03-08,5,13.3,15:13,-1.2,7:31
수원,2021-03-09,5.3,11.7,13:12,-0.5,4:51
수원,2021-03-10,7.2,16.8,16:09,-0.3,6:39
수원,2021-03-11,8.6,17.3,15:18,1.5,3:33
수원,2021-03-12,9.4,12.9,12:42,6.8,2:03
수원,2021-03-13,8.1,14.2,13:23,2.7,6:25
수원,2021-03-14,7.3,13.4,14:33,1.6,6:11
수원,2021-03-15,10,16.1,15:44,2.3,4:58
수원,2021-03-16,7.6,12.5,13:19,4.5,22:03
수원,2021-03-17,7.1,16.8,15:06,0.5,6:10
수원,2021-03-18,9.9,18.8,15:19,1.2,6:08
수원,2021-03-19,13.9,19.4,15:50,9,3:13
수원,2021-03-20,8.8,13.5,0:01,6,23:12
수원,2021-03-21,5.8,8.9,13:06,3.6,23:39
수원,2021-03-22,5.8,11.1,13:48,1,4:52
수원,2021-03-23,8.7,16.5,13:21,1.5,6:34
수원,2021-03-24,9.9,17.5,15:01,4,5:55
수원,2021-03-25,10.5,18.8,14:39,5.4,23:42
수원,2021-03-26,11.9,21.2,16:45,4.3,5:05
수원,2021-03-27,11.5,15.6,11:23,6.7,4:59
수원,2021-03-28,9.4,13.4,0:02,7.5,10:25
수원,2021-03-29,9.8,15.4,13:50,5.7,24:00:00
수원,2021-03-30,9.6,18.3,15:07,1.6,6:08
수원,2021-03-31,12.6,22.9,15:44,2.2,5:35
수원,2021-04-01,16.8,23.8,15:01,7.9,3:04
수원,2021-04-02,17.5,22.3,16:04,12.9,5:45
수원,2021-04-03,15.4,18.6,0:59,11.8,24:00:00
수원,2021-04-04,12.2,15.8,14:38,9.9,5:01
수원,2021-04-05,11.3,18.3,14:40,5.8,6:39
수원,2021-04-06,12.1,18.6,13:12,6.1,3:46
수원,2021-04-07,12.4,20.3,13:48,5,5:48
수원,2021-04-08,11.5,17.5,13:53,4.8,6:18
수원,2021-04-09,12.4,19,15:23,4,5:06
수원,2021-04-10,11.7,17.7,14:33,7.7,5:45
수원,2021-04-11,13.9,22.4,15:13,4.7,5:56
수원,2021-04-12,13.5,17.5,11:57,11.7,16:44
수원,2021-04-13,9.4,13.4,0:33,6,23:59
수원,2021-04-14,7.9,13.1,12:30,3,5:03
수원,2021-04-15,10.6,17.9,14:59,4.3,5:32
수원,2021-04-16,10.2,14.8,16:00,6,23:47
수원,2021-04-17,9,14.1,13:17,3.8,5:00
수원,2021-04-18,9.3,14.3,15:55,5.5,6:16
수원,2021-04-19,11.5,18.6,14:16,4.6,6:14
수원,2021-04-20,13.3,21.4,14:07,5.8,6:17
수원,2021-04-21,17.8,28.6,16:16,7.5,6:02
수원,2021-04-22,20.2,27.6,15:31,14.1,3:38
수원,2021-04-23,20.1,23.1,14:23,16.4,3:06
수원,2021-04-24,17.4,23,17:01,12.1,23:59
수원,2021-04-25,17.3,24.1,16:30,9.2,4:22
수원,2021-04-26,15.5,21.4,15:32,11,5:37
수원,2021-04-27,15,20.1,14:09,9.5,4:49
수원,2021-04-28,14.4,19.2,13:06,11.3,5:09
수원,2021-04-29,14.7,20.2,15:26,10,3:41
수원,2021-04-30,10.7,14.4,15:16,7.9,4:26
수원,2021-05-01,10.6,14.2,12:02,8.6,23:44
수원,2021-05-02,11.7,17.8,13:44,7.8,5:44
수원,2021-05-03,13.1,20.3,15:24,6.3,3:50
수원,2021-05-04,15.1,18.1,17:17,10.1,1:47
수원,2021-05-05,13.7,18.2,15:53,9.8,22:30
수원,2021-05-06,15.3,23.1,13:54,6.2,4:52
수원,2021-05-07,13.3,17.3,9:26,10.1,22:49
수원,2021-05-08,13.8,21.3,15:20,8,5:54
수원,2021-05-09,14.3,21.3,15:31,7.7,5:46
수원,2021-05-10,11.8,14.1,4:58,8.6,2:31
수원,2021-05-11,18.2,24.6,15:06,9.6,5:42
수원,2021-05-12,20.5,27.2,17:18,15.6,5:18
수원,2021-05-13,20.9,29,14:46,13.7,4:20
수원,2021-05-14,21.8,30.4,14:33,15.1,2:47
수원,2021-05-15,20.9,23.2,11:22,18.5,4:39
수원,2021-05-16,19.1,21.2,6:28,15.9,23:53
수원,2021-05-17,15.2,16.3,10:34,13.4,23:47
수원,2021-05-18,16.9,23.9,16:05,12.7,3:15
수원,2021-05-19,18.9,26.2,15:09,10.6,5:27
수원,2021-05-20,18.1,23.4,13:25,14.5,23:48
수원,2021-05-21,15.1,16.9,13:26,12.9,23:43
수원,2021-05-22,17.5,23.6,14:44,12.1,5:26
수원,2021-05-23,18.7,25.4,14:10,11.8,5:23
수원,2021-05-24,17.8,24.2,14:36,13.7,23:58
수원,2021-05-25,14.8,18.6,15:38,11.9,23:55
수원,2021-05-26,17.7,23.8,13:32,11.1,2:51
수원,2021-05-27,15.3,17.7,0:16,13,23:45
수원,2021-05-28,14.8,20.3,16:39,11.8,8:55
수원,2021-05-29,16.2,20.9,11:21,12.2,5:43
수원,2021-05-30,18.7,27.4,16:33,10.5,5:11
수원,2021-05-31,20.4,24.9,15:37,16.8,0:01
수원,2021-06-01,21.5,25.3,12:44,17.4,0:55
수원,2021-06-02,23.1,30,14:40,16,5:31
수원,2021-06-03,18.8,22.7,11:08,14.1,23:26
수원,2021-06-04,18.1,24.1,15:10,12.6,4:52
수원,2021-06-05,20.1,25.9,15:49,15.7,2:02
수원,2021-06-06,22.3,27.5,16:02,18,1:19
수원,2021-06-07,21.3,26.2,17:35,16.8,5:02
수원,2021-06-08,23.1,28.8,14:03,18.7,2:59
수원,2021-06-09,25.7,32.3,15:01,19.6,1:46
수원,2021-06-10,24.9,31.4,13:29,19.9,23:43
수원,2021-06-11,21.5,25.7,13:27,18.8,23:28
수원,2021-06-12,22.7,29,12:51,17,5:17
수원,2021-06-13,22.1,28.9,14:45,17.5,23:04
수원,2021-06-14,22.2,29.7,14:10,16.9,3:06
수원,2021-06-15,22.8,26.2,16:52,20.2,1:39
수원,2021-06-16,24.8,29.7,15:19,19.9,4:38
수원,2021-06-17,21.7,24.2,14:25,20,5:10
수원,2021-06-18,19.8,21.4,13:53,18.7,23:25
수원,2021-06-19,21.9,27.4,16:02,17.6,5:21
수원,2021-06-20,22.8,29.6,14:32,16.6,5:18
수원,2021-06-21,23,28.4,14:14,18.3,5:16
수원,2021-06-22,23.4,28.5,15:36,18.6,1:21
수원,2021-06-23,22.2,26.2,14:42,19.7,5:06
수원,2021-06-24,22.6,27.9,13:35,18.7,3:07
수원,2021-06-25,23.3,28.8,14:19,17.9,4:13
수원,2021-06-26,23,27.4,15:59,20.3,4:11
수원,2021-06-27,25.1,31.1,15:44,19.8,5:09
수원,2021-06-28,23.7,29.6,16:12,21.3,7:35
수원,2021-06-29,23.5,28.6,12:37,20.7,23:58
수원,2021-06-30,24,28.9,13:24,20.2,1:52
수원,2021-07-01,26.2,32.1,15:12,20.4,3:37
수원,2021-07-02,27.4,31.9,16:04,23.2,1:16
수원,2021-07-03,23.4,26.8,13:15,20.7,22:32
수원,2021-07-04,22,24.7,13:46,20.5,19:52
수원,2021-07-05,23.8,27.4,13:26,20.2,4:47
수원,2021-07-06,25.2,29.5,15:30,21,5:21
수원,2021-07-07,25.7,29,16:01,23,4:20
수원,2021-07-08,25.3,30.8,14:08,22.4,22:39
수원,2021-07-09,25.1,29.6,13:59,22.5,5:19
수원,2021-07-10,26.1,30,13:29,22.4,1:04
수원,2021-07-11,26.1,29.4,15:12,24,24:00:00
수원,2021-07-12,27.5,32.9,16:12,23.3,2:12
수원,2021-07-13,28.8,32.7,13:11,25.2,4:26
수원,2021-07-14,29.3,33.5,15:17,24.9,3:01
수원,2021-07-15,28.7,34.5,13:31,25.2,5:37
수원,2021-07-16,28.2,34.8,14:36,23.5,22:41
수원,2021-07-17,28.1,32.8,15:04,23.1,5:30
수원,2021-07-18,28.5,34.3,15:50,23.2,21:21
수원,2021-07-19,26.8,32.3,14:25,23.8,0:49
수원,2021-07-20,28.6,32.8,12:56,23.4,3:32
수원,2021-07-21,30.1,35.7,16:29,24.6,5:16
수원,2021-07-22,30.4,35.8,16:50,25.9,1:08
수원,2021-07-23,30.4,35.7,16:17,26.5,5:18
수원,2021-07-24,30.4,36.3,16:00,25.5,4:54
수원,2021-07-25,30.9,35.3,16:06,26.2,1:29
수원,2021-07-26,30.3,35.1,16:28,26.8,5:38
수원,2021-07-27,30.3,35.7,13:47,26,2:32
수원,2021-07-28,29.3,34.3,12:31,26,23:19
수원,2021-07-29,28.4,33.7,13:02,25.1,5:19
수원,2021-07-30,29.7,35.4,15:14,24.4,5:05
수원,2021-07-31,29,33.9,14:28,26.4,1:43
수원,2021-08-01,26.8,29.1,16:00,24.6,23:20
수원,2021-08-02,25.9,29.1,18:26,24.3,23:36
수원,2021-08-03,27.4,31.3,12:32,23.3,3:41
수원,2021-08-04,28.5,33.4,15:24,25.3,4:08
수원,2021-08-05,29.1,34.4,14:51,24.9,1:12
수원,2021-08-06,28.3,33.6,12:05,25,23:46
수원,2021-08-07,27.3,32.4,13:03,22.4,5:19
수원,2021-08-08,27.1,32.2,15:08,23.7,2:59
수원,2021-08-09,28.2,34.4,15:19,22.6,5:10
수원,2021-08-10,27.7,32.4,13:44,24.8,4:50
수원,2021-08-11,26.8,32,14:03,24,1:34
수원,2021-08-12,27.4,31.8,11:41,23.1,3:07
수원,2021-08-13,27.1,30,16:48,23.7,2:54
수원,2021-08-14,26.7,30.6,16:22,24.4,23:33
수원,2021-08-15,26.8,32.6,16:18,22.6,5:59
수원,2021-08-16,27.3,31.7,15:09,23.1,5:22
수원,2021-08-17,25.8,31.2,16:02,22.4,23:44
수원,2021-08-18,23.8,30.2,16:22,20,6:36
수원,2021-08-19,25.9,31.5,15:24,21,4:58
수원,2021-08-20,25.9,30.4,14:59,21.7,3:54
수원,2021-08-21,24,28.1,14:14,22.2,11:48
수원,2021-08-22,24.5,27.5,14:40,22.1,23:51
수원,2021-08-23,22.3,24.3,9:46,20.9,19:19
수원,2021-08-24,24.1,26.8,10:54,21.8,3:03
수원,2021-08-25,24.3,25.8,17:34,23,22:49
수원,2021-08-26,25.4,28.3,14:14,22.6,4:11
수원,2021-08-27,22.3,25.4,0:46,19.5,23:15
수원,2021-08-28,23,27.4,13:18,19.2,4:51
수원,2021-08-29,22.5,27.2,16:17,19,8:00
수원,2021-08-30,23.9,27.6,14:27,20.9,3:55
수원,2021-08-31,21.1,24.5,10:09,18.7,16:55
수원,2021-09-01,21.4,23.5,17:03,19.3,2:17
수원,2021-09-02,23.4,26.9,16:05,21.2,2:11
수원,2021-09-03,24.7,29.7,16:29,20.1,5:20
수원,2021-09-04,23.7,27.8,14:44,18.7,4:04
수원,2021-09-05,22.9,26.7,13:48,18,6:13
수원,2021-09-06,21.7,26.3,13:47,17.7,22:58
수원,2021-09-07,20.6,22.7,16:16,18,0:01
수원,2021-09-08,21.9,27.1,14:41,19,5:01
수원,2021-09-09,22.9,29.1,15:56,18.3,0:44
수원,2021-09-10,23.5,28.9,14:38,19.9,2:26
수원,2021-09-11,23.8,29.7,14:51,19.5,4:50
수원,2021-09-12,23.8,29.9,15:49,18.6,5:13
수원,2021-09-13,25,29.8,15:43,20.3,0:54
수원,2021-09-14,23.9,28,15:40,19.6,4:36
수원,2021-09-15,23.8,29.5,15:17,19.1,5:42
수원,2021-09-16,23,27.5,14:40,17.7,3:52
수원,2021-09-17,23.7,27.8,16:17,21,23:51
수원,2021-09-18,22.9,29.6,15:23,16.7,5:35
수원,2021-09-19,23.5,28.5,15:14,19.9,0:10
수원,2021-09-20,23.8,28.2,15:08,19,6:24
수원,2021-09-21,22.6,26.5,15:35,20.4,4:49
수원,2021-09-22,20.4,25.5,13:05,18,24:00:00
수원,2021-09-23,20.1,24.8,13:19,15.5,2:45
수원,2021-09-24,22,27.2,14:39,15.5,6:20
수원,2021-09-25,21.6,24.2,12:14,17.9,2:45
수원,2021-09-26,22.8,27.3,14:18,19.1,6:37
수원,2021-09-27,21.8,25.2,13:45,19,6:09
수원,2021-09-28,21.6,25.3,15:04,19.8,4:25
수원,2021-09-29,20.6,22.7,12:01,17.4,23:56
수원,2021-09-30,20.5,27.1,15:11,15.8,5:47
수원,2021-10-01,20.7,27.8,14:26,15.4,5:32
수원,2021-10-02,20.5,26.4,15:41,16,6:08
수원,2021-10-03,22,28.7,13:43,16.8,5:25
수원,2021-10-04,23.3,27.2,14:50,17.4,1:02
수원,2021-10-05,24.3,28.1,13:33,22.3,6:46
수원,2021-10-06,21.1,23.4,15:45,19.3,8:53
수원,2021-10-07,20.1,23,13:59,18.2,23:44
수원,2021-10-08,19.9,21.7,13:52,18,3:29
수원,2021-10-09,22.8,27,15:55,19.5,5:03
수원,2021-10-10,20.8,26.3,12:48,15.6,23:43
수원,2021-10-11,16.7,19.4,13:21,13.3,5:25
수원,2021-10-12,17.8,19.4,13:01,16,23:55
수원,2021-10-13,19.5,25,15:10,14.1,4:21
수원,2021-10-14,19,23.9,13:18,15.5,4:35
수원,2021-10-15,19,21.8,14:26,17.2,4:12
수원,2021-10-16,11.6,18.1,0:02,5.3,23:45
수원,2021-10-17,6,11.4,15:12,1.4,6:53
수원,2021-10-18,10.3,16.3,16:31,1.8,3:15
수원,2021-10-19,10.9,16.3,13:44,6.3,23:47
수원,2021-10-20,9,15.8,15:14,3.5,5:18
수원,2021-10-21,9.3,16.1,15:26,3.7,5:36
수원,2021-10-22,10.1,17,14:48,2.9,5:19
수원,2021-10-23,10.2,18.1,13:32,3.7,5:08
수원,2021-10-24,10.6,18.1,13:48,4.1,7:19
수원,2021-10-25,10.7,17.9,14:43,4.7,4:18
수원,2021-10-26,12.1,18.5,14:43,5.4,4:41
수원,2021-10-27,13,18.6,14:48,9.3,21:24
수원,2021-10-28,11.8,20,16:21,4.3,5:17
수원,2021-10-29,14.2,20.3,15:01,9.2,0:01
수원,2021-10-30,14.2,19.2,15:27,10.4,23:51
수원,2021-10-31,13.6,19.7,15:14,7.5,5:32
수원,2021-11-01,12,17.3,12:45,8.3,23:51
수원,2021-11-02,10.9,16.7,13:51,6.4,3:39
수원,2021-11-03,11.4,17,14:08,5.5,6:40
수원,2021-11-04,11.6,17.4,13:34,7.5,6:50
수원,2021-11-05,11.9,20.4,15:13,5.3,5:45
수원,2021-11-06,13.3,21.8,15:17,6.6,5:35
수원,2021-11-07,15.1,21.4,13:27,6.2,6:08
수원,2021-11-08,9.1,16.6,5:23,4.4,22:51
수원,2021-11-09,5.2,7.2,14:04,3.5,6:44
수원,2021-11-10,4.8,8.8,15:02,0.3,4:43
수원,2021-11-11,5.8,9.7,13:17,1.9,7:06
수원,2021-11-12,4.9,9.2,13:48,0.8,6:57
수원,2021-11-13,7.6,13.9,15:55,0.7,5:04
수원,2021-11-14,10.9,16.8,13:04,6.6,23:58
수원,2021-11-15,8.9,15.5,13:54,3.7,6:47
수원,2021-11-16,7.8,14.2,13:38,3.1,4:49
수원,2021-11-17,7.1,12.8,14:49,1.2,7:13
수원,2021-11-18,11.1,16.9,14:06,5.7,5:57
수원,2021-11-19,12.4,17.4,13:35,9,23:57
수원,2021-11-20,10.1,15.9,15:03,6.7,2:27
수원,2021-11-21,10,14.5,13:30,6.4,2:50
수원,2021-11-22,3.9,7.7,0:01,0.1,23:50
수원,2021-11-23,0.4,2.2,13:32,-2.9,7:13
수원,2021-11-24,2.7,7,16:41,-2.5,2:36
수원,2021-11-25,5.9,11,14:02,2.2,7:00
수원,2021-11-26,3.1,9.4,13:15,-1.5,6:41
수원,2021-11-27,2.5,10,15:43,-2.8,7:19
수원,2021-11-28,3.9,12.1,14:13,-3.2,7:27
수원,2021-11-29,6.7,13.3,15:34,-0.1,4:57
수원,2021-11-30,6.1,9.5,13:19,1.7,23:49
수원,2021-12-01,-0.2,1.8,15:15,-2.5,23:50
수원,2021-12-02,1.4,6.1,14:54,-4.9,7:26
수원,2021-12-03,2.6,4.9,12:21,0,22:53
수원,2021-12-04,1.4,7.2,15:01,-3.3,6:34
수원,2021-12-05,2.1,9.8,15:19,-4,5:33
수원,2021-12-06,4.7,12.7,15:46,-2.5,5:16
수원,2021-12-07,5.7,13,14:51,0.4,6:34
수원,2021-12-08,5.8,13.6,15:40,0,5:31
수원,2021-12-09,6.5,11.4,13:45,0.2,5:52
수원,2021-12-10,7.4,10.1,15:39,5.1,23:53
수원,2021-12-11,5.6,9.9,14:17,2.6,8:01
수원,2021-12-12,1.8,5.8,12:04,-3.3,23:55
수원,2021-12-13,-1.8,2.1,14:27,-5.6,6:31
수원,2021-12-14,3.8,7.5,13:28,-1.5,0:01
수원,2021-12-15,6.4,10.8,15:02,3.2,23:58
수원,2021-12-16,5.5,10.3,13:45,1.8,1:13
수원,2021-12-17,-4.5,4,0:01,-9,23:14
수원,2021-12-18,-4.5,-0.5,18:22,-11.1,7:46
수원,2021-12-19,-0.8,4,15:20,-7,7:52
수원,2021-12-20,5.4,11.5,14:39,-1.1,0:07
수원,2021-12-21,4.8,10.5,14:56,0.8,8:51
수원,2021-12-22,1.5,8.3,14:32,-3.4,6:39
수원,2021-12-23,1.8,8.9,14:15,-3.8,4:04
수원,2021-12-24,0,4.5,10:55,-6.4,23:57
수원,2021-12-25,-10.4,-6.4,0:01,-13.6,23:46
수원,2021-12-26,-10.8,-6.4,15:46,-14.3,7:32
수원,2021-12-27,-7.5,-3.4,16:52,-13.2,5:12
수원,2021-12-28,-3.2,1.1,15:31,-8.7,6:37
수원,2021-12-29,0.8,6.3,14:41,-4.7,1:45
수원,2021-12-30,-3.1,0,12:42,-6.1,7:56
수원,2021-12-31,-5.8,-3,13:12,-7.9,7:51
수원,2022-01-01,-4.4,1.8,16:21,-11.7,5:31
수원,2022-01-02,-1.4,3.5,12:59,-5.6,23:28
수원,2022-01-03,-2.4,3.1,13:38,-9.5,4:57
수원,2022-01-04,-2,1.9,13:59,-6.4,23:59
수원,2022-01-05,-2.7,2.8,15:06,-9.5,4:46
수원,2022-01-06,-2.3,4.1,14:45,-7,5:11
수원,2022-01-07,-3,4.2,15:09,-8.7,4:58
수원,2022-01-08,-0.3,5,14:15,-7.5,4:05
수원,2022-01-09,0.4,5.1,15:45,-4.1,24:00:00
수원,2022-01-10,-0.2,4.9,13:13,-5.4,4:48
수원,2022-01-11,-6.3,0.3,0:31,-9.6,23:53
수원,2022-01-12,-6.9,-2.7,14:43,-11.4,6:45
수원,2022-01-13,-5.2,-2.4,13:09,-7.9,23:51
수원,2022-01-14,-4.7,1.1,16:03,-9.1,7:26
수원,2022-01-15,-0.3,3.7,15:59,-6,1:54
수원,2022-01-16,-1.8,3.8,4:22,-5.8,23:46
수원,2022-01-17,-5,0,13:50,-9.5,7:11
수원,2022-01-18,-5.4,0.2,15:03,-9.7,7:55
수원,2022-01-19,-5.3,-1.7,16:20,-9,1:48
수원,2022-01-20,-5,1.5,15:30,-11.4,5:27
수원,2022-01-21,-3.5,5.1,16:12,-10.7,5:06
수원,2022-01-22,0.1,6,14:23,-6.1,0:50
수원,2022-01-23,1.6,7.9,15:34,-2.4,23:38
수원,2022-01-24,4.2,9.6,14:37,-4.4,4:27
수원,2022-01-25,2.9,5.2,0:15,1.6,23:02
수원,2022-01-26,0.9,6,13:16,-2.9,6:44
수원,2022-01-27,-0.8,3.7,15:18,-4.3,7:18
수원,2022-01-28,-2.4,2.3,13:41,-5.3,3:04
수원,2022-01-29,-3.4,1.2,15:13,-8.1,7:43
수원,2022-01-30,-3.1,2.8,15:07,-9.6,6:20
수원,2022-01-31,-0.9,4.9,14:22,-9.1,7:35
수원,2022-02-01,-0.8,1.4,16:15,-2.7,7:57
수원,2022-02-02,-2.4,0.3,14:15,-4.2,7:47
수원,2022-02-03,-3,1.7,14:27,-7.3,7:35
수원,2022-02-04,-4.1,-0.3,14:45,-8.2,7:15
수원,2022-02-05,-5.7,-0.9,13:57,-8.9,6:10
수원,2022-02-06,-3.4,2,12:15,-9.7,6:46
수원,2022-02-07,-2.5,2.3,14:16,-9.1,6:42
수원,2022-02-08,-0.6,5.8,14:49,-5.8,6:17
수원,2022-02-09,0.3,7.1,14:29,-7.2,5:25
수원,2022-02-10,1,6.8,13:45,-4.5,7:34
수원,2022-02-11,2.1,8.7,14:52,-3.8,2:35
수원,2022-02-12,3.6,10.4,15:11,-2.2,6:50
수원,2022-02-13,4,10.6,13:42,-1.2,3:27
수원,2022-02-14,1.9,9.6,13:46,-2.9,5:52
수원,2022-02-15,-4.1,-0.4,0:01,-7.1,23:57
수원,2022-02-16,-6.6,-4,13:30,-8.9,3:51
수원,2022-02-17,-6.4,-1.2,15:49,-9.7,6:44
수원,2022-02-18,-1.6,5.4,14:57,-10,6:31
수원,2022-02-19,-0.9,4,14:09,-5.5,23:36
수원,2022-02-20,-4.3,-0.7,16:02,-7.8,7:26
수원,2022-02-21,-2.4,4.4,12:49,-7.9,4:34
수원,2022-02-22,-3.9,0.4,14:20,-7,23:25
수원,2022-02-23,-5.1,-1.3,16:23,-9.3,3:50
수원,2022-02-24,-2.8,3.2,14:55,-10.6,6:51
수원,2022-02-25,2.9,9.1,14:30,-5.1,6:21
수원,2022-02-26,5.1,10,12:09,1.3,5:00
수원,2022-02-27,3.8,9.3,15:28,-2.8,6:51
수원,2022-02-28,5.7,11.5,16:09,-0.9,6:27
수원,2022-03-01,4.3,8.8,15:24,-0.3,23:55
수원,2022-03-02,2.7,8.4,14:42,-3.3,4:09
수원,2022-03-03,4.7,11.8,14:06,-1.1,6:24
수원,2022-03-04,6.9,15.9,14:00,-1.3,3:53
수원,2022-03-05,2.8,6,15:04,-0.2,22:51
수원,2022-03-06,1.5,5.6,13:27,-1.4,23:56
수원,2022-03-07,2,8.8,14:30,-4.2,4:20
수원,2022-03-08,4.7,12.2,15:02,-2.1,4:23
수원,2022-03-09,5.9,13.7,14:02,0,2:46
수원,2022-03-10,8.2,16,14:39,0.5,2:16
수원,2022-03-11,10.1,18.4,16:02,2.2,3:23
수원,2022-03-12,13,20.5,14:46,3.6,6:10
수원,2022-03-13,11.8,15.2,0:01,8.5,23:10
수원,2022-03-14,8.7,14.4,11:31,3.9,23:52
수원,2022-03-15,6.4,13.6,16:22,0.9,6:54
수원,2022-03-16,9,16.5,13:46,1.7,6:12
수원,2022-03-17,10.9,14.9,13:58,7.7,24:00:00
수원,2022-03-18,8.2,10.8,14:45,6.5,23:36
수원,2022-03-19,3.4,6.5,0:01,1.1,7:32
수원,2022-03-20,4.5,8.6,15:46,1.4,23:59
수원,2022-03-21,4.7,9.9,14:15,-1.8,6:40
수원,2022-03-22,6.2,12.9,15:07,0.1,6:01
수원,2022-03-23,5.6,8.3,16:16,2.8,3:53
수원,2022-03-24,8,14.1,16:40,2.3,5:31
수원,2022-03-25,12.4,18.7,14:56,4.4,5:55
수원,2022-03-26,10.8,14.3,16:37,6.8,22:30
수원,2022-03-27,7.3,12.8,14:01,3,6:36
수원,2022-03-28,7,14.2,14:51,0.3,5:42
수원,2022-03-29,9.1,16.3,14:16,1.5,2:25
수원,2022-03-30,10.3,14.9,11:37,4.4,2:45
수원,2022-03-31,10.5,15.2,13:40,6.9,23:39
수원,2022-04-01,8.5,14.5,12:42,4,4:33
수원,2022-04-02,6.9,13.7,14:00,1.5,6:09
수원,2022-04-03,8.2,16.2,14:12,1.3,5:03
수원,2022-04-04,8.9,16,13:17,2.1,4:54
수원,2022-04-05,9.5,16.4,14:25,1.6,5:00
수원,2022-04-06,10.6,16.9,13:30,6.9,2:02
수원,2022-04-07,10.2,15,11:42,6,23:52
수원,2022-04-08,12.5,20.9,16:06,3.6,6:01
수원,2022-04-09,17.2,24,14:45,9.7,2:37
수원,2022-04-10,17,25.1,14:23,8.8,6:04
수원,2022-04-11,18.7,26.2,14:54,11.6,4:30
수원,2022-04-12,17.8,24.8,14:16,13.7,23:51
수원,2022-04-13,11.6,14.1,8:01,9.8,16:39
수원,2022-04-14,11.1,14.3,15:35,8.3,2:33
수원,2022-04-15,11.5,17.3,12:47,7.3,4:42
수원,2022-04-16,11.4,18.3,14:37,4.6,6:08
수원,2022-04-17,12.2,20.7,14:05,4.5,6:11
수원,2022-04-18,13.6,20.8,14:14,9,23:46
수원,2022-04-19,13.2,21.4,13:41,6.1,5:09
수원,2022-04-20,13.8,21.7,14:21,6,4:05
수원,2022-04-21,14.9,22.8,14:16,7,4:45
수원,2022-04-22,15.1,19,12:32,12.3,2:47
수원,2022-04-23,16.3,25.2,15:27,8.5,6:00
수원,2022-04-24,17.6,24.6,13:34,11.6,3:39
수원,2022-04-25,19.9,24.7,15:32,16.4,1:02
수원,2022-04-26,19.4,24.7,13:57,15.5,5:16
수원,2022-04-27,16,22.1,13:40,11.3,23:49
수원,2022-04-28,16.1,24.7,14:25,9.8,2:41
수원,2022-04-29,13.4,17.1,0:13,10.3,7:29
수원,2022-04-30,12.8,18,13:28,9.4,23:48
수원,2022-05-01,12.8,18.6,14:41,6.4,5:22
수원,2022-05-02,13.2,18.6,12:52,8.8,3:47
수원,2022-05-03,14,20.9,15:10,7.6,6:00
수원,2022-05-04,16.5,25.3,13:12,7.7,5:07
수원,2022-05-05,17.3,24.8,15:03,8.9,5:26
수원,2022-05-06,18.4,24.9,13:32,11.4,4:49
수원,2022-05-07,16.7,23,14:32,13.5,21:34
수원,2022-05-08,15.2,18,13:25,11.3,22:42
수원,2022-05-09,16.7,24.4,16:43,11.1,4:10
수원,2022-05-10,18.1,25.3,16:20,10.7,3:35
수원,2022-05-11,17.9,23.3,13:31,13.7,5:06
수원,2022-05-12,19.1,26.9,13:59,12.4,5:00
수원,2022-05-13,18.5,23.5,11:57,14.4,5:37
수원,2022-05-14,14.7,18.7,12:01,9.9,5:19
수원,2022-05-15,14.5,20.9,13:46,7.7,5:36
수원,2022-05-16,16.4,23.4,13:54,8.5,4:44
수원,2022-05-17,19.3,26.7,15:01,12.2,2:11
수원,2022-05-18,20.4,26.5,13:56,14.4,4:28
수원,2022-05-19,19.7,23.1,11:01,15.3,4:53
수원,2022-05-20,19.7,25.3,13:12,13.2,4:46
수원,2022-05-21,19.1,24.5,15:04,15.7,21:21
수원,2022-05-22,19.6,25.1,13:35,15,3:46
수원,2022-05-23,21.6,29.6,15:06,16.8,5:25
수원,2022-05-24,20.9,28.8,15:11,14.3,3:59
수원,2022-05-25,19.7,25.4,12:16,15,4:57
수원,2022-05-26,18.2,23.3,16:18,13.8,3:50
수원,2022-05-27,19.1,23.9,15:14,15.6,6:00
수원,2022-05-28,21.5,29,13:45,13.6,3:12
수원,2022-05-29,21.9,28.8,16:30,16.1,1:32
수원,2022-05-30,19.7,23.8,11:46,15.2,23:59
수원,2022-05-31,19.5,26.6,14:21,11.9,4:46
수원,2022-06-01,21.1,28.8,13:41,14.9,3:17
수원,2022-06-02,19.9,25.7,13:59,13.7,3:02
수원,2022-06-03,23.1,30.9,14:59,18.7,0:01
수원,2022-06-04,24.5,28.9,17:34,18.2,4:17
수원,2022-06-05,21.5,25.3,0:02,18.7,21:27
수원,2022-06-06,19.5,23.8,15:48,16.7,10:58
수원,2022-06-07,19.9,24.3,14:38,15,5:00
수원,2022-06-08,20.6,25.3,16:04,16.5,4:28
수원,2022-06-09,20.7,25.9,15:35,17.2,2:41
수원,2022-06-10,21.3,27.3,13:56,16.5,5:28
수원,2022-06-11,24.3,31.6,15:33,16.4,4:26
수원,2022-06-12,23.7,29.7,15:08,19.4,5:10
수원,2022-06-13,24.7,29.9,14:35,19.9,5:03
수원,2022-06-14,21.2,26.1,11:10,17.4,23:42
수원,2022-06-15,17.9,21.4,17:12,14.9,2:03
수원,2022-06-16,19.9,25,16:12,17.1,5:52
수원,2022-06-17,21.7,26.1,15:53,15.6,3:55
수원,2022-06-18,23.1,26.3,15:30,21.5,0:40
수원,2022-06-19,23.4,25.7,15:29,21.6,23:57
수원,2022-06-20,24.6,30.3,15:49,20.9,2:56
수원,2022-06-21,24.6,31.4,13:05,19.5,5:22
수원,2022-06-22,24.4,30.1,16:06,20.8,3:25
수원,2022-06-23,24.3,28.8,12:16,21.2,4:46
수원,2022-06-24,23.3,26.4,17:30,19.7,5:45
수원,2022-06-25,26.4,31.7,14:49,21.5,4:04
수원,2022-06-26,27.1,29.6,13:32,24.7,1:59
수원,2022-06-27,27.8,29.8,12:05,25.1,3:54
수원,2022-06-28,28.4,29.8,12:16,27.7,3:51
수원,2022-06-29,25.6,28,0:01,24.3,2:16
수원,2022-06-30,23.8,27.4,15:58,21.4,4:10
수원,2022-07-01,27.3,31.4,15:20,23.4,5:18
수원,2022-07-02,27.9,33.7,12:52,23.3,3:45
수원,2022-07-03,28.5,34.3,14:22,22.9,4:51
수원,2022-07-04,28.7,32.6,12:02,25.2,2:50
수원,2022-07-05,28.1,32.8,14:58,24.7,3:53
수원,2022-07-06,29.6,34.5,15:18,25.1,2:17
수원,2022-07-07,29,32.1,12:42,25.9,4:58
수원,2022-07-08,26.6,30.2,16:05,24.2,23:59
수원,2022-07-09,26.2,31.3,14:47,23.2,5:25
수원,2022-07-10,28.3,34.8,16:25,23.2,4:32
수원,2022-07-11,26.6,30.6,17:12,22.4,1:02
수원,2022-07-12,27.5,30.3,12:25,24.1,4:21
수원,2022-07-13,24.9,27.9,0:28,23.7,14:27
수원,2022-07-14,24.9,29,14:47,22.6,23:38
수원,2022-07-15,25.5,29.9,14:44,21.9,1:11
수원,2022-07-16,25.4,29.4,13:55,22.6,3:13
수원,2022-07-17,25.4,30,15:19,22.1,3:12
수원,2022-07-18,25.8,28.9,16:13,23.2,1:36
수원,2022-07-19,26.2,30.4,13:31,22.9,5:09
수원,2022-07-20,27,31.5,15:49,24.1,4:02
수원,2022-07-21,23.6,26.2,18:34,21.1,6:23
수원,2022-07-22,25.3,28.4,15:10,22.8,2:02
수원,2022-07-23,24.6,28.1,13:38,22.1,2:51
수원,2022-07-24,25.6,29.2,16:53,22.8,0:01
수원,2022-07-25,26.7,31.2,13:24,23.5,4:18
수원,2022-07-26,28.3,33.8,15:24,23,4:42
수원,2022-07-27,28,31.6,16:25,24.4,5:20
수원,2022-07-28,28.7,33.7,14:41,24.9,5:25
수원,2022-07-29,30.6,35,15:38,25.8,0:11
수원,2022-07-30,31.1,35.2,15:06,27.4,5:40
수원,2022-07-31,27.5,29.7,0:02,25.4,21:50
수원,2022-08-01,28.7,32.8,14:19,25.2,4:32
수원,2022-08-02,27.3,29.8,12:15,26.2,6:52
수원,2022-08-03,27.8,31.2,13:36,24.9,7:00
수원,2022-08-04,28.7,33,14:47,25.9,5:50
수원,2022-08-05,28.7,32.2,14:16,26.1,0:39
수원,2022-08-06,28.5,32.1,14:07,26.6,5:56
수원,2022-08-07,29.2,32.9,13:44,26.7,1:40
수원,2022-08-08,27.5,29.4,10:38,24.5,13:48
수원,2022-08-09,26.1,28.5,15:43,23.2,23:59
수원,2022-08-10,23.5,26,10:52,21.9,3:42
수원,2022-08-11,24.4,26.4,14:56,23.4,7:08
수원,2022-08-12,26.4,32,14:45,22.6,6:05
수원,2022-08-13,25.4,26.8,18:00,23.4,0:07
수원,2022-08-14,27.1,31.5,13:22,24.8,5:27
수원,2022-08-15,28.4,31.2,11:59,26,2:53
수원,2022-08-16,26.2,30.3,14:51,22.7,23:51
수원,2022-08-17,25.3,30.8,14:31,21.7,4:26
수원,2022-08-18,25.1,30.2,14:10,21.7,5:21
수원,2022-08-19,26.2,28.9,15:42,22.1,1:35
수원,2022-08-20,27.3,30.8,14:58,24.5,23:11
수원,2022-08-21,27.4,33,15:57,23.7,4:07
수원,2022-08-22,26.4,30.9,13:39,21.9,21:33
수원,2022-08-23,24.9,29.9,15:27,21.2,23:48
수원,2022-08-24,24.5,28.2,13:39,20.7,1:43
수원,2022-08-25,22.1,25.3,12:20,20.2,23:07
수원,2022-08-26,23.2,28.3,15:30,18.3,4:00
수원,2022-08-27,21.7,25.6,15:44,18.4,23:54
수원,2022-08-28,22.2,28.8,17:01,14.8,5:00
수원,2022-08-29,20.9,22.6,0:51,18.7,7:15
수원,2022-08-30,19.3,20.6,0:01,17.8,5:53
수원,2022-08-31,21.3,24,17:17,19.5,5:09
수원,2022-09-01,23.7,30.8,15:39,17.5,4:12
수원,2022-09-02,24.6,29.7,16:25,20.1,6:14
수원,2022-09-03,24.3,28.8,14:19,19.9,5:17
수원,2022-09-04,23.4,26.4,16:37,21.1,8:23
수원,2022-09-05,19.9,23,0:11,18.1,20:23
수원,2022-09-06,20.9,26.1,14:17,17.5,5:22
수원,2022-09-07,21.7,28.1,14:51,17.6,4:09
수원,2022-09-08,22.2,29.7,15:09,15.5,5:13
수원,2022-09-09,23.5,30.7,15:50,17.6,5:12
수원,2022-09-10,23.3,27.8,15:32,18.2,5:43
수원,2022-09-11,22.8,26.6,14:41,20.4,6:09
수원,2022-09-12,23.6,28.4,14:43,19.1,4:08
수원,2022-09-13,24.5,27.2,15:42,21.6,2:53
수원,2022-09-14,25,28.9,13:23,22.3,3:22
수원,2022-09-15,25.4,28.7,13:09,21.9,3:12
수원,2022-09-16,26,31.2,14:14,23.1,6:36
수원,2022-09-17,25.5,30.2,16:31,23.3,23:39
수원,2022-09-18,27.3,32,13:16,23.1,2:17
수원,2022-09-19,25,29.8,13:50,19.6,23:42
수원,2022-09-20,19.5,24,16:24,15.5,23:57
수원,2022-09-21,19,25.1,16:19,11.9,4:25
수원,2022-09-22,19.2,24.6,13:50,15.1,5:57
수원,2022-09-23,16.9,23.1,10:44,13.6,23:54
수원,2022-09-24,17.7,24.4,13:59,11.1,6:21
수원,2022-09-25,19.3,25.2,15:12,14.6,4:20
수원,2022-09-26,19.4,26.6,15:20,14.2,4:40
수원,2022-09-27,19.9,28.1,15:59,12.6,4:24
수원,2022-09-28,19.9,26.1,15:31,15,5:56
수원,2022-09-29,19.2,26.5,15:08,15.1,3:20
수원,2022-09-30,19.9,28.1,15:11,13.5,5:15
수원,2022-10-01,19.5,27.4,16:03,13.9,4:38
수원,2022-10-02,19.9,23.4,11:39,16.5,0:28
수원,2022-10-03,22.5,24.5,16:39,18.4,2:05
수원,2022-10-04,18.9,23.7,0:01,14.5,23:52
수원,2022-10-05,16.2,21.4,14:21,12.6,5:00
수원,2022-10-06,16.8,20.8,12:54,14.1,5:25
수원,2022-10-07,14.5,18.8,16:01,10.7,24:00:00
수원,2022-10-08,15.8,21.5,15:49,9.9,0:43
수원,2022-10-09,13.5,15.5,0:01,11.3,23:10
수원,2022-10-10,10,13.3,14:27,8.7,19:28
수원,2022-10-11,10.7,16.4,14:19,6.4,4:32
수원,2022-10-12,12.7,20.9,16:18,5.3,5:09
수원,2022-10-13,15.6,22.9,15:18,9.9,1:48
수원,2022-10-14,16.3,23.3,15:42,10.7,2:19
수원,2022-10-15,17.7,25.1,14:14,11.9,6:29
수원,2022-10-16,17.1,20.7,12:26,14.4,23:34
수원,2022-10-17,11.6,15.3,1:33,6.9,23:59
수원,2022-10-18,9.1,14,15:39,4.8,5:06
수원,2022-10-19,9.7,16.7,14:51,2.5,4:23
수원,2022-10-20,12.1,19.6,14:54,4.5,4:31
수원,2022-10-21,13,19.9,13:00,7.6,5:40
수원,2022-10-22,14.5,20.6,15:15,8.3,2:27
수원,2022-10-23,13.7,18.3,15:11,10.1,23:55
수원,2022-10-24,10.2,14.5,13:42,6,4:05
수원,2022-10-25,11.3,17.4,16:31,4.4,3:55
수원,2022-10-26,12.9,18.3,13:02,8.6,2:14
수원,2022-10-27,12.5,19.4,15:07,6.3,6:40
수원,2022-10-28,13.1,19.4,15:04,8.5,2:01
수원,2022-10-29,13.7,21.3,15:20,7.7,4:41
수원,2022-10-30,14.1,21,15:36,8.3,6:48
수원,2022-10-31,14.8,20.5,15:11,11.2,0:02
수원,2022-11-01,12.7,19.3,13:58,8.1,23:50
수원,2022-11-02,10,17.8,13:43,3.6,4:26
수원,2022-11-03,9.3,13.9,12:44,4.7,3:31
수원,2022-11-04,5.4,10.2,15:53,1.9,5:18
수원,2022-11-05,5.8,13.1,14:20,-1,3:58
수원,2022-11-06,8.8,15.8,13:17,2.8,7:02
수원,2022-11-07,10.7,16.8,14:28,3.6,4:03
수원,2022-11-08,11.9,17.9,14:36,7,23:31
수원,2022-11-09,10.3,16.7,15:39,5.1,3:29
수원,2022-11-10,12.2,19.2,14:32,6.6,6:12
수원,2022-11-11,14.4,22.1,14:49,7.5,4:11
수원,2022-11-12,15.8,22,12:46,9.2,4:10
수원,2022-11-13,10.9,17.2,0:01,9.3,23:43
수원,2022-11-14,9.7,13.9,12:58,5.6,22:36
수원,2022-11-15,7.5,12.3,12:35,2.9,2:46
수원,2022-11-16,8.4,14.4,14:54,3.6,5:00
수원,2022-11-17,9.9,16.6,14:46,5.3,1:38
수원,2022-11-18,10,18.4,14:47,3.8,4:32
수원,2022-11-19,12.4,18.8,14:27,4.8,3:14
수원,2022-11-20,12.9,19.9,14:24,7.9,1:11
수원,2022-11-21,11.6,17.8,12:35,6.8,4:26
수원,2022-11-22,10.7,15.3,14:31,5.9,5:35
수원,2022-11-23,11,15.8,13:01,6.5,23:56
수원,2022-11-24,9.1,15,15:11,4.7,3:57
수원,2022-11-25,10.8,16.9,15:23,4.9,4:32
수원,2022-11-26,6.1,12.5,0:37,-0.1,23:48
수원,2022-11-27,4.8,12.6,15:54,-2.8,5:06
수원,2022-11-28,11.8,15.9,12:00,4.7,1:53
수원,2022-11-29,6.6,13,2:59,-1.3,23:46
수원,2022-11-30,-5.4,-1.2,0:01,-7.9,22:47
수원,2022-12-01,-5.6,-2.3,13:01,-9.2,5:02
